first_name,last_name,club,gameweek,price,player_score,team_score,role_score,average_score,weighted_score,role,player_id
Mohamed,Salah,Liverpool,39,13.6,9.052631578947368,18.105263157894736,9.052631578947368,9.052631578947368,9.052631578947368,MID,328
David,Moyes,Everton,39,0.5,8.058823529411764,16.11764705882353,8.058823529411764,8.058823529411764,8.058823529411764,AM,742
Oliver,Glasner,Crystal Palace,39,0.8,8.0,16.0,8.0,8.0,8.0,AM,741
Fabian,Hürzeler,Brighton,39,1.1,7.4375,14.875,7.4375,7.4375,7.4375,AM,739
Thomas,Frank,Brentford,39,0.8,7.25,14.5,7.25,7.25,7.25,AM,752
Pep,Guardiola,Man City,39,1.5,7.0625,14.125,7.0625,7.0625,7.0625,AM,736
Arne,Slot,Liverpool,39,1.5,6.9411764705882355,13.882352941176471,6.9411764705882355,6.9411764705882355,6.9411764705882355,AM,744
Vítor Manuel de Oliveira Lopes,Pereira,Wolves,39,0.8,6.9375,13.875,6.9375,6.9375,6.9375,AM,751
Unai,Emery,Aston Villa,39,0.8,6.5625,13.125,6.5625,6.5625,6.5625,AM,737
Mikel,Arteta,Arsenal,39,1.5,6.5,13.0,6.5,6.5,6.5,AM,735
Bryan,Mbeumo,Man Utd,39,8.3,6.2105263157894735,12.421052631578947,6.2105263157894735,6.2105263157894735,6.2105263157894735,MID,99
Eddie,Howe,Newcastle,39,1.5,6.0625,12.125,6.0625,6.0625,6.0625,AM,746
Enzo,Maresca,Chelsea,39,1.5,5.875,11.75,5.875,5.875,5.875,AM,740
Marco Alexandre Saraiva da,Silva,Fulham,39,1.1,5.875,11.75,5.875,5.875,5.875,AM,753
Cole,Palmer,Chelsea,39,10.5,5.631578947368421,11.263157894736842,5.631578947368421,5.631578947368421,5.631578947368421,MID,182
Alexander,Isak,Newcastle,39,9.4,5.552631578947368,11.105263157894736,5.552631578947368,5.552631578947367,5.552631578947367,FWD,401
Ruben Filipe Marques Diogo,Amorim,Man Utd,39,0.8,5.375,10.75,5.375,5.375,5.375,AM,745
Chris,Wood,Nott'm Forest,39,7.2,5.2631578947368425,10.526315789473685,5.2631578947368425,5.2631578947368425,5.2631578947368425,FWD,447
Graham,Potter,West Ham,39,0.5,5.25,10.5,5.25,5.25,5.25,AM,750
Andoni,Iraola,Bournemouth,39,1.1,5.125,10.25,5.125,5.125,5.125,AM,738
Jarrod,Bowen,West Ham,39,7.9,5.078947368421052,10.157894736842104,5.078947368421052,5.078947368421052,5.078947368421052,MID,514
Ollie,Watkins,Aston Villa,39,9.2,4.894736842105263,9.789473684210526,4.894736842105263,4.894736842105263,4.894736842105263,FWD,58
Nuno Herlander Simões Espírito,Santo,Nott'm Forest,39,1.1,4.875,9.75,4.875,4.875,4.875,AM,747
Yoane,Wissa,Brentford,39,6.9,4.868421052631579,9.736842105263158,4.868421052631579,4.868421052631579,4.868421052631579,FWD,110
Luis,Díaz,Liverpool,39,7.5,4.815789473684211,9.631578947368421,4.815789473684211,4.815789473684211,4.815789473684211,MID,327
Erling,Haaland,Man City,39,14.9,4.7631578947368425,9.526315789473685,4.7631578947368425,4.7631578947368425,4.7631578947368425,FWD,351
Matheus Santos Carneiro Da,Cunha,Man Utd,39,7.0,4.684210526315789,9.368421052631579,4.684210526315789,4.684210526315789,4.684210526315789,FWD,541
Bruno Borges,Fernandes,Man Utd,39,8.4,4.578947368421052,9.157894736842104,4.578947368421052,4.578947368421052,4.578947368421052,MID,366
Omar,Marmoush,Man City,39,7.4,4.5625,9.125,4.5625,4.5625,4.5625,FWD,755
Antoine,Semenyo,Bournemouth,39,5.7,4.342105263157895,8.68421052631579,4.342105263157895,4.342105263157895,4.342105263157895,MID,78
Morgan,Rogers,Aston Villa,39,5.8,4.2368421052631575,8.473684210526315,4.2368421052631575,4.2368421052631575,4.2368421052631575,MID,54
Jacob,Murphy,Newcastle,39,5.2,4.184210526315789,8.368421052631579,4.184210526315789,4.184210526315789,4.184210526315789,MID,402
Justin,Kluivert,Bournemouth,39,5.9,4.157894736842105,8.31578947368421,4.157894736842105,4.157894736842105,4.157894736842105,MID,71
Jordan,Pickford,Everton,39,5.2,4.157894736842105,8.31578947368421,4.157894736842105,4.157894736842105,4.157894736842105,GK,235
Alex,Iwobi,Fulham,39,5.4,4.105263157894737,8.210526315789474,4.105263157894737,4.105263157894737,4.105263157894737,MID,247
Morgan,Gibbs-White,Nott'm Forest,39,6.5,4.052631578947368,8.105263157894736,4.052631578947368,4.052631578947368,4.052631578947368,MID,433
Anthony,Elanga,Newcastle,39,5.5,4.026315789473684,8.052631578947368,4.026315789473684,4.026315789473684,4.026315789473684,MID,432
Joško,Gvardiol,Man City,39,6.5,4.026315789473684,8.052631578947368,4.026315789473684,4.026315789473684,4.026315789473684,DEF,350
Leandro,Trossard,Arsenal,39,6.7,4.0,8.0,4.0,4.0,4.0,MID,23
Matz,Sels,Nott'm Forest,39,5.2,3.9473684210526314,7.894736842105263,3.9473684210526314,3.9473684210526314,3.9473684210526314,GK,443
Jean-Philippe,Mateta,Crystal Palace,39,7.5,3.9473684210526314,7.894736842105263,3.9473684210526314,3.9473684210526314,3.9473684210526314,FWD,207
Kevin,Schade,Brentford,39,5.3,3.9210526315789473,7.842105263157895,3.9210526315789473,3.9210526315789473,3.9210526315789473,MID,106
Ismaïla,Sarr,Crystal Palace,39,5.5,3.9210526315789473,7.842105263157895,3.9210526315789473,3.9210526315789473,3.9210526315789473,MID,585
Eberechi,Eze,Crystal Palace,39,7.0,3.8947368421052633,7.7894736842105265,3.8947368421052633,3.8947368421052633,3.8947368421052633,MID,199
Trent,Alexander-Arnold,Liverpool,39,7.2,3.8947368421052633,7.7894736842105265,3.8947368421052633,3.8947368421052633,3.8947368421052633,DEF,311
Raúl,Jiménez,Fulham,39,5.3,3.8684210526315788,7.7368421052631575,3.8684210526315788,3.8684210526315788,3.8684210526315788,FWD,252
Jørgen Strand,Larsen,Wolves,39,5.2,3.8157894736842106,7.631578947368421,3.8157894736842106,3.8157894736842106,3.8157894736842106,FWD,566
Mitoma,Kaoru,Brighton,39,6.3,3.8157894736842106,7.631578947368421,3.8157894736842106,3.8157894736842106,3.8157894736842106,MID,136
Nikola,Milenković,Nott'm Forest,39,5.2,3.8157894736842106,7.631578947368421,3.8157894736842106,3.8157894736842106,3.8157894736842106,DEF,573
Virgil van,Dijk,Liverpool,39,6.7,3.763157894736842,7.526315789473684,3.763157894736842,3.763157894736842,3.763157894736842,DEF,339
Dominik,Szoboszlai,Liverpool,39,6.1,3.763157894736842,7.526315789473684,3.763157894736842,3.763157894736842,3.763157894736842,MID,336
Daniel,Muñoz,Crystal Palace,39,5.2,3.736842105263158,7.473684210526316,3.736842105263158,3.736842105263158,3.736842105263158,DEF,211
David Raya,Martin,Arsenal,39,5.6,3.736842105263158,7.473684210526316,3.736842105263158,3.736842105263158,3.736842105263158,GK,15
Mark,Flekken,Brentford,39,4.5,3.6315789473684212,7.2631578947368425,3.6315789473684212,3.6315789473684212,3.6315789473684212,GK,91
Ange,Postecoglou,Spurs,39,1.1,3.625,7.25,3.625,3.625,3.625,AM,749
Brennan,Johnson,Spurs,39,6.2,3.6052631578947367,7.2105263157894735,3.6052631578947367,3.6052631578947367,3.6052631578947367,MID,491
Marshall,Munetsi,Wolves,39,5.0,3.5714285714285716,7.142857142857143,3.5714285714285716,3.5714285714285716,3.5714285714285716,MID,770
Bruno Guimarães Rodriguez,Moura,Newcastle,39,6.2,3.5526315789473686,7.105263157894737,3.5526315789473686,3.5526315789473686,3.5526315789473686,MID,394
Dean,Henderson,Brentford,39,4.6,3.5526315789473686,7.105263157894737,3.5526315789473686,3.5526315789473686,3.5526315789473686,GK,201
Enzo,Fernández,Chelsea,39,4.7,3.5526315789473686,7.105263157894737,3.5526315789473686,3.5526315789473686,3.5526315789473686,MID,168
Milos,Kerkez,Liverpool,39,5.3,3.526315789473684,7.052631578947368,3.526315789473684,3.5263157894736836,3.5263157894736836,DEF,70
Marc Cucurella,Saseta,Chelsea,39,5.4,3.5,7.0,3.5,3.5,3.5,DEF,163
Norberto Murara,Neto,Bournemouth,39,4.5,3.5,7.0,3.5,3.5,3.5,GK,73
James,Maddison,Spurs,39,7.4,3.5,7.0,3.5,3.5,3.5,MID,494
Liam,Delap,Chelsea,39,5.6,3.473684210526316,6.947368421052632,3.473684210526316,3.4736842105263164,3.4736842105263164,FWD,268
Francisco Evanilson de Lima,Barbosa,Bournemouth,39,5.9,3.4594594594594597,6.918918918918919,3.4594594594594597,3.4594594594594597,3.4594594594594597,FWD,617
Mikkel,Damsgaard,Brentford,39,4.9,3.4473684210526314,6.894736842105263,3.4473684210526314,3.4473684210526314,3.4473684210526314,MID,89
Murillo Santiago Costa dos,Santos,Nott'm Forest,39,4.7,3.4210526315789473,6.842105263157895,3.4210526315789473,3.4210526315789473,3.4210526315789473,DEF,436
Harvey,Barnes,Burnley,39,5.9,3.4210526315789473,6.842105263157895,3.4210526315789473,3.4210526315789473,3.4210526315789473,MID,392
William,Saliba,Arsenal,39,6.4,3.4210526315789473,6.842105263157895,3.4210526315789473,3.4210526315789473,3.4210526315789473,DEF,18
Son,Heung-min,Spurs,39,9.7,3.3947368421052633,6.7894736842105265,3.3947368421052633,3.3947368421052633,3.3947368421052633,MID,503
Amad,Diallo,Man Utd,39,5.3,3.3947368421052633,6.7894736842105265,3.3947368421052633,3.3947368421052633,3.3947368421052633,MID,364
Jamie,Vardy,Burnley,39,5.4,3.3684210526315788,6.7368421052631575,3.3684210526315788,3.3684210526315788,3.3684210526315788,FWD,306
Ola,Aina,Nott'm Forest,39,5.3,3.3684210526315788,6.7368421052631575,3.3684210526315788,3.3684210526315788,3.3684210526315788,DEF,422
Bukayo,Saka,Arsenal,39,10.4,3.3421052631578947,6.684210526315789,3.3421052631578947,3.342105263157895,3.342105263157895,MID,17
Declan,Rice,Arsenal,39,6.3,3.3421052631578947,6.684210526315789,3.3421052631578947,3.342105263157895,3.342105263157895,MID,16
Nathan,Collins,Brentford,39,4.6,3.3421052631578947,6.684210526315789,3.3421052631578947,3.342105263157895,3.342105263157895,DEF,88
Cody,Gakpo,Liverpool,39,7.2,3.3421052631578947,6.684210526315789,3.3421052631578947,3.342105263157895,3.342105263157895,FWD,321
Robert,Sánchez,Chelsea,39,4.5,3.3157894736842106,6.631578947368421,3.3157894736842106,3.3157894736842106,3.3157894736842106,GK,185
Tomáš,Souček,West Ham,39,4.8,3.3157894736842106,6.631578947368421,3.3157894736842106,3.3157894736842106,3.3157894736842106,MID,530
João Pedro Junqueira de,Jesus,Brighton,39,5.5,3.3157894736842106,6.631578947368421,3.3157894736842106,3.3157894736842106,3.3157894736842106,FWD,129
Gabriel Martinelli,Silva,Arsenal,39,6.5,3.289473684210526,6.578947368421052,3.289473684210526,3.289473684210526,3.289473684210526,MID,9
Danny,Welbeck,Brighton,39,5.5,3.289473684210526,6.578947368421052,3.289473684210526,3.289473684210526,3.289473684210526,FWD,148
Rayan,Aït-Nouri,Man City,39,5.1,3.289473684210526,6.578947368421052,3.289473684210526,3.289473684210526,3.289473684210526,DEF,533
Anthony,Gordon,Newcastle,39,7.4,3.263157894736842,6.526315789473684,3.263157894736842,3.263157894736842,3.263157894736842,MID,398
Maxence,Lacroix,Crystal Palace,39,4.5,3.257142857142857,6.514285714285714,3.257142857142857,3.2571428571428576,3.2571428571428576,DEF,650
Tyrick,Mitchell,Crystal Palace,39,4.8,3.236842105263158,6.473684210526316,3.236842105263158,3.236842105263158,3.236842105263158,DEF,210
Alexis Mac,Allister,Liverpool,39,6.2,3.210526315789474,6.421052631578948,3.210526315789474,3.210526315789474,3.210526315789474,MID,329
Vitalii,Mykolenko,Everton,39,4.4,3.1842105263157894,6.368421052631579,3.1842105263157894,3.1842105263157894,3.1842105263157894,DEF,231
Nicolas,Jackson,Chelsea,39,7.7,3.1842105263157894,6.368421052631579,3.1842105263157894,3.1842105263157894,3.1842105263157894,FWD,180
Youri,Tielemans,Aston Villa,39,5.5,3.1842105263157894,6.368421052631579,3.1842105263157894,3.1842105263157894,3.1842105263157894,MID,57
André,Onana,Man Utd,39,4.9,3.1578947368421053,6.315789473684211,3.1578947368421053,3.157894736842105,3.157894736842105,GK,383
Noni,Madueke,Arsenal,39,6.0,3.1578947368421053,6.315789473684211,3.1578947368421053,3.157894736842105,3.157894736842105,MID,177
Marco,Asensio,Aston Villa,39,6.0,3.142857142857143,6.285714285714286,3.142857142857143,3.142857142857143,3.142857142857143,MID,762
Fabian,Schär,Newcastle,39,5.5,3.1052631578947367,6.2105263157894735,3.1052631578947367,3.1052631578947367,3.1052631578947367,DEF,415
Aaron,Wan-Bissaka,West Ham,39,4.5,3.1052631578947367,6.2105263157894735,3.1052631578947367,3.1052631578947367,3.1052631578947367,DEF,388
Dejan,Kulusevski,Spurs,39,6.2,3.0789473684210527,6.157894736842105,3.0789473684210527,3.0789473684210527,3.0789473684210527,MID,492
Gabriel dos Santos,Magalhães,Arsenal,39,6.1,3.0789473684210527,6.157894736842105,3.0789473684210527,3.0789473684210527,3.0789473684210527,DEF,3
Martin,Ødegaard,Arsenal,39,8.2,3.0526315789473686,6.105263157894737,3.0526315789473686,3.0526315789473686,3.0526315789473686,MID,13
Marc,Guéhi,Crystal Palace,39,4.7,3.0526315789473686,6.105263157894737,3.0526315789473686,3.0526315789473686,3.0526315789473686,DEF,200
Dan,Burn,Newcastle,39,4.6,3.026315789473684,6.052631578947368,3.026315789473684,3.0263157894736836,3.0263157894736836,DEF,395
Bernd,Leno,Fulham,39,5.0,3.026315789473684,6.052631578947368,3.026315789473684,3.0263157894736836,3.0263157894736836,GK,248
Emile Smith,Rowe,Fulham,39,5.0,3.0,6.0,3.0,3.0,3.0,MID,19
Mathys,Tel,Spurs,39,5.8,3.0,6.0,3.0,3.0,3.0,MID,768
Kevin De,Bruyne,Man City,39,9.5,3.0,6.0,3.0,3.0,3.0,MID,345
Trevoh,Chalobah,Chelsea,39,4.4,3.0,6.0,3.0,3.0,3.0,DEF,159
Iliman,Ndiaye,Everton,39,5.2,3.0,6.0,3.0,3.0,3.0,FWD,232
Jurriën,Timber,Arsenal,39,5.5,3.0,6.0,3.0,3.0,3.0,DEF,6
Alisson Ramses,Becker,Liverpool,39,5.5,2.9473684210526314,5.894736842105263,2.9473684210526314,2.9473684210526314,2.9473684210526314,GK,310
Kepa,Arrizabalaga,Arsenal,39,4.6,2.9444444444444446,5.888888888888889,2.9444444444444446,2.9444444444444446,2.9444444444444446,GK,152
Marcus,Rashford,Man Utd,39,6.6,2.9285714285714284,5.857142857142857,2.9285714285714284,2.9285714285714284,2.9285714285714284,MID,385
Ederson Santana de,Moraes,Man City,39,5.3,2.9210526315789473,5.842105263157895,2.9210526315789473,2.9210526315789473,2.9210526315789473,GK,347
Dango,Ouattara,Bournemouth,39,4.5,2.9210526315789473,5.842105263157895,2.9210526315789473,2.9210526315789473,2.9210526315789473,MID,74
Emiliano Martínez,Romero,Aston Villa,39,5.0,2.9210526315789473,5.842105263157895,2.9210526315789473,2.9210526315789473,2.9210526315789473,GK,47
Bernardo Veiga de Carvalho e,Silva,Man City,39,6.1,2.8947368421052633,5.7894736842105265,2.8947368421052633,2.8947368421052633,2.8947368421052633,MID,342
Mateo,Kovačić,Man City,39,5.4,2.8684210526315788,5.7368421052631575,2.8684210526315788,2.8684210526315788,2.8684210526315788,MID,354
Levi,Colwill,Chelsea,39,4.4,2.8684210526315788,5.7368421052631575,2.8684210526315788,2.8684210526315788,2.8684210526315788,DEF,162
Neco,Williams,Nott'm Forest,39,4.5,2.8684210526315788,5.7368421052631575,2.8684210526315788,2.8684210526315788,2.8684210526315788,DEF,437
Dominic,Solanke-Mitchell,Spurs,39,7.3,2.8421052631578947,5.684210526315789,2.8421052631578947,2.842105263157895,2.842105263157895,FWD,82
Thomas,Partey,Arsenal,39,4.9,2.8421052631578947,5.684210526315789,2.8421052631578947,2.842105263157895,2.842105263157895,MID,20
Elliot,Anderson,Sunderland,39,5.0,2.8157894736842106,5.631578947368421,2.8157894736842106,2.8157894736842106,2.8157894736842106,MID,423
Christian,Nørgaard,Brentford,39,4.8,2.8157894736842106,5.631578947368421,2.8157894736842106,2.8157894736842106,2.8157894736842106,MID,101
Julio,Enciso,Brighton,39,5.4,2.8125,5.625,2.8125,2.8125,2.8125,MID,121
Antonee,Robinson,Fulham,39,4.7,2.789473684210526,5.578947368421052,2.789473684210526,2.789473684210526,2.789473684210526,DEF,255
Mohammed,Kudus,Spurs,39,6.2,2.789473684210526,5.578947368421052,2.789473684210526,2.789473684210526,2.789473684210526,MID,525
Ibrahima,Konaté,Liverpool,39,5.3,2.789473684210526,5.578947368421052,2.789473684210526,2.789473684210526,2.789473684210526,DEF,326
Sávio 'Savinho' Moreira de,Oliveira,Man City,39,6.0,2.789473684210526,5.578947368421052,2.789473684210526,2.789473684210526,2.789473684210526,MID,571
Alejandro,Garnacho,Man Utd,39,5.9,2.789473684210526,5.578947368421052,2.789473684210526,2.789473684210526,2.789473684210526,MID,372
Sandro,Tonali,Newcastle,39,5.5,2.789473684210526,5.578947368421052,2.789473684210526,2.789473684210526,2.789473684210526,MID,417
James,Tarkowski,Everton,39,4.7,2.763157894736842,5.526315789473684,2.763157894736842,2.763157894736842,2.763157894736842,DEF,236
Tino,Livramento,Newcastle,39,4.6,2.763157894736842,5.526315789473684,2.763157894736842,2.763157894736842,2.763157894736842,DEF,409
Phil,Foden,Man City,39,9.1,2.763157894736842,5.526315789473684,2.763157894736842,2.763157894736842,2.763157894736842,MID,348
Pedro Lomba,Neto,Chelsea,39,6.1,2.736842105263158,5.473684210526316,2.736842105263158,2.736842105263158,2.736842105263158,MID,560
Dean,Huijsen,Bournemouth,39,4.5,2.736842105263158,5.473684210526316,2.736842105263158,2.736842105263158,2.736842105263158,DEF,580
Bart,Verbruggen,Brighton,39,4.5,2.710526315789474,5.421052631578948,2.710526315789474,2.710526315789474,2.710526315789474,GK,146
Callum,Hudson-Odoi,Nott'm Forest,39,5.1,2.710526315789474,5.421052631578948,2.710526315789474,2.710526315789474,2.710526315789474,MID,434
Ezri Konsa,Ngoyo,Aston Villa,39,4.5,2.710526315789474,5.421052631578948,2.710526315789474,2.710526315789474,2.710526315789474,DEF,44
Aaron,Ramsdale,Sunderland,39,4.4,2.6944444444444446,5.388888888888889,2.6944444444444446,2.6944444444444446,2.6944444444444446,GK,14
Carlos Alcaraz,Durán,Everton,39,4.7,2.6875,5.375,2.6875,2.6875,2.6875,MID,450
Yankuba,Minteh,Brighton,39,4.8,2.6842105263157894,5.368421052631579,2.6842105263157894,2.6842105263157894,2.6842105263157894,MID,135
Nick,Pope,Newcastle,39,5.0,2.6842105263157894,5.368421052631579,2.6842105263157894,2.6842105263157894,2.6842105263157894,GK,413
Lewis,Hall,Newcastle,39,4.7,2.6842105263157894,5.368421052631579,2.6842105263157894,2.6842105263157894,2.6842105263157894,DEF,399
Ilkay,Gündogan,Man City,39,6.3,2.6216216216216215,5.243243243243243,2.6216216216216215,2.6216216216216215,2.6216216216216215,MID,625
Joelinton Cássio Apolinário de,Lira,Newcastle,39,6.0,2.6052631578947367,5.2105263157894735,2.6052631578947367,2.6052631578947367,2.6052631578947367,MID,403
Ashley,Young,Everton,39,4.2,2.5789473684210527,5.157894736842105,2.5789473684210527,2.5789473684210527,2.5789473684210527,DEF,238
Pedro,Porro,Spurs,39,5.2,2.5789473684210527,5.157894736842105,2.5789473684210527,2.5789473684210527,2.5789473684210527,DEF,495
Moisés Caicedo,Corozo,Chelsea,39,4.9,2.5789473684210527,5.157894736842105,2.5789473684210527,2.5789473684210527,2.5789473684210527,MID,157
Mateus Gonçalo Espanha,Fernandes,Sunderland,39,5.0,2.5675675675675675,5.135135135135135,2.5675675675675675,2.5675675675675675,2.5675675675675675,MID,623
Georginio,Rutter,Brighton,39,5.0,2.5675675675675675,5.135135135135135,2.5675675675675675,2.5675675675675675,2.5675675675675675,MID,618
Mikel,Merino,Arsenal,39,6.0,2.5555555555555554,5.111111111111111,2.5555555555555554,2.5555555555555554,2.5555555555555554,MID,633
Kai,Havertz,Arsenal,39,7.7,2.5526315789473686,5.105263157894737,2.5526315789473686,2.5526315789473686,2.5526315789473686,FWD,4
Adama,Traoré,Fulham,39,4.5,2.5,5.0,2.5,2.5,2.5,MID,239
Emmanuel,Agbadou,Wolves,39,4.0,2.5,5.0,2.5,2.5,2.5,DEF,720
Diogo Dalot,Teixeira,Man Utd,39,5.0,2.5,5.0,2.5,2.5,2.5,DEF,369
Keane,Lewis-Potter,Brentford,39,5.0,2.473684210526316,4.947368421052632,2.473684210526316,2.473684210526316,2.473684210526316,MID,98
Abdoulaye,Doucouré,Everton,39,5.1,2.473684210526316,4.947368421052632,2.473684210526316,2.473684210526316,2.473684210526316,MID,217
Illia,Zabarnyi,Bournemouth,39,4.4,2.473684210526316,4.947368421052632,2.473684210526316,2.473684210526316,2.473684210526316,DEF,85
Jadon,Sancho,Chelsea,39,6.2,2.4571428571428573,4.914285714285715,2.4571428571428573,2.4571428571428573,2.4571428571428573,MID,386
José Malheiro de,Sá,Wolves,39,4.4,2.4473684210526314,4.894736842105263,2.4473684210526314,2.4473684210526314,2.4473684210526314,GK,554
Dwight,McNeil,Everton,39,5.1,2.4473684210526314,4.894736842105263,2.4473684210526314,2.4473684210526314,2.4473684210526314,MID,230
Ryan,Gravenberch,Liverpool,39,5.0,2.4210526315789473,4.842105263157895,2.4210526315789473,2.4210526315789473,2.4210526315789473,MID,323
Andrew,Robertson,Liverpool,39,5.8,2.3947368421052633,4.7894736842105265,2.3947368421052633,2.3947368421052633,2.3947368421052633,DEF,335
Jean-Ricner,Bellegarde,Wolves,39,4.9,2.3684210526315788,4.7368421052631575,2.3684210526315788,2.3684210526315788,2.3684210526315788,MID,535
Rúben Gato Alves,Dias,Man City,39,5.5,2.3684210526315788,4.7368421052631575,2.3684210526315788,2.3684210526315788,2.3684210526315788,DEF,361
Lucas,Digne,Aston Villa,39,4.4,2.3421052631578947,4.684210526315789,2.3421052631578947,2.3421052631578947,2.3421052631578947,DEF,36
Jack,Hinshelwood,Brighton,39,4.9,2.3421052631578947,4.684210526315789,2.3421052631578947,2.3421052631578947,2.3421052631578947,MID,126
Idrissa,Gueye,Everton,39,4.8,2.3421052631578947,4.684210526315789,2.3421052631578947,2.3421052631578947,2.3421052631578947,MID,222
Omari,Giraud-Hutchinson,Leeds,39,5.2,2.3157894736842106,4.631578947368421,2.3157894736842106,2.3157894736842106,2.3157894736842106,MID,274
Jérémy,Doku,Man City,39,6.2,2.3157894736842106,4.631578947368421,2.3157894736842106,2.3157894736842106,2.3157894736842106,MID,346
Jarrad,Branthwaite,Everton,39,4.9,2.3157894736842106,4.631578947368421,2.3157894736842106,2.3157894736842106,2.3157894736842106,DEF,219
Noussair,Mazraoui,Man Utd,39,4.2,2.3157894736842106,4.631578947368421,2.3157894736842106,2.3157894736842106,2.3157894736842106,DEF,594
James,Ward-Prowse,West Ham,39,6.1,2.3125,4.625,2.3125,2.3125,2.3125,MID,531
Bilal El,Khannouss,Burnley,39,4.8,2.3055555555555554,4.611111111111111,2.3055555555555554,2.3055555555555554,2.3055555555555554,MID,635
João Victor Gomes da,Silva,Wolves,39,4.9,2.289473684210526,4.578947368421052,2.289473684210526,2.289473684210526,2.289473684210526,MID,553
Jan Paul van,Hecke,Brighton,39,4.5,2.289473684210526,4.578947368421052,2.289473684210526,2.289473684210526,2.289473684210526,DEF,144
Marcus,Tavernier,Bournemouth,39,5.4,2.289473684210526,4.578947368421052,2.289473684210526,2.289473684210526,2.289473684210526,MID,83
Diogo Teixeira da,Silva,Liverpool,39,7.2,2.289473684210526,4.578947368421052,2.289473684210526,2.289473684210526,2.289473684210526,MID,317
Norberto Bercique Gomes,Betuncal,Everton,39,4.8,2.289473684210526,4.578947368421052,2.289473684210526,2.289473684210526,2.289473684210526,FWD,218
Curtis,Jones,Liverpool,39,5.3,2.289473684210526,4.578947368421052,2.289473684210526,2.289473684210526,2.289473684210526,MID,324
Carlos,Baleba,Brighton,39,5.0,2.289473684210526,4.578947368421052,2.289473684210526,2.289473684210526,2.289473684210526,MID,115
Rodrigo Muniz,Carvalho,Fulham,39,5.5,2.263157894736842,4.526315789473684,2.263157894736842,2.263157894736842,2.263157894736842,FWD,251
Nico,González,Man City,39,6.0,2.2142857142857144,4.428571428571429,2.2142857142857144,2.2142857142857144,2.2142857142857144,MID,765
Nélson Cabral,Semedo,Wolves,39,4.5,2.210526315789474,4.421052631578948,2.210526315789474,2.210526315789474,2.210526315789474,DEF,559
Max,Kilman,West Ham,39,4.3,2.1578947368421053,4.315789473684211,2.1578947368421053,2.1578947368421053,2.1578947368421053,DEF,524
Lewis,Cook,Bournemouth,39,5.0,2.1578947368421053,4.315789473684211,2.1578947368421053,2.1578947368421053,2.1578947368421053,MID,64
Jack,Harrison,Leeds,39,5.2,2.1315789473684212,4.2631578947368425,2.1315789473684212,2.1315789473684212,2.1315789473684212,MID,224
Andreas Hoelgebaum,Pereira,Fulham,39,4.9,2.1315789473684212,4.2631578947368425,2.1315789473684212,2.1315789473684212,2.1315789473684212,MID,240
Matheus Luiz,Nunes,Man City,39,4.9,2.1315789473684212,4.2631578947368425,2.1315789473684212,2.1315789473684212,2.1315789473684212,MID,356
Lucas Tolentino Coelho de,Lima,West Ham,39,5.7,2.1052631578947367,4.2105263157894735,2.1052631578947367,2.1052631578947367,2.1052631578947367,MID,527
Toti António,Gomes,Wolves,39,4.3,2.0789473684210527,4.157894736842105,2.0789473684210527,2.0789473684210527,2.0789473684210527,DEF,567
Rasmus,Højlund,Man Utd,39,6.9,2.0526315789473686,4.105263157894737,2.0526315789473686,2.0526315789473686,2.0526315789473686,FWD,375
John,McGinn,Aston Villa,39,5.2,2.0526315789473686,4.105263157894737,2.0526315789473686,2.0526315789473686,2.0526315789473686,MID,48
Harry,Wilson,Fulham,39,5.2,2.0526315789473686,4.105263157894737,2.0526315789473686,2.0526315789473686,2.0526315789473686,MID,259
Ryan,Christie,Bournemouth,39,4.8,2.0,4.0,2.0,2.0,2.0,MID,63
Emerson Palmieri dos,Santos,West Ham,39,4.4,2.0,4.0,2.0,2.0,2.0,DEF,520
Donyell,Malen,Aston Villa,39,5.3,2.0,4.0,2.0,2.0,2.0,MID,725
Matty,Cash,Aston Villa,39,4.4,2.0,4.0,2.0,2.0,2.0,DEF,32
Matt,Doherty,Wolves,39,4.3,1.9736842105263157,3.9473684210526314,1.9736842105263157,1.9736842105263157,1.9736842105263157,DEF,543
Calvin,Bassey,Fulham,39,4.5,1.9736842105263157,3.9473684210526314,1.9736842105263157,1.9736842105263157,1.9736842105263157,DEF,241
Facundo,Buonanotte,Brighton,39,4.5,1.9736842105263157,3.9473684210526314,1.9736842105263157,1.9736842105263157,1.9736842105263157,MID,117
Yasin,Ayari,Brighton,39,5.0,1.9473684210526316,3.8947368421052633,1.9473684210526316,1.9473684210526316,1.9473684210526316,MID,600
Vitaly,Janelt,Brentford,39,4.8,1.9210526315789473,3.8421052631578947,1.9210526315789473,1.9210526315789476,1.9210526315789476,MID,94
Kieran,Trippier,Newcastle,39,5.6,1.894736842105263,3.789473684210526,1.894736842105263,1.894736842105263,1.894736842105263,DEF,418
Pape Matar,Sarr,Spurs,39,4.7,1.868421052631579,3.736842105263158,1.868421052631579,1.868421052631579,1.868421052631579,MID,499
Tosin,Adarabioyo,Chelsea,39,4.2,1.868421052631579,3.736842105263158,1.868421052631579,1.868421052631579,1.868421052631579,DEF,187
James,Justin,Burnley,39,4.1,1.8421052631578947,3.6842105263157894,1.8421052631578947,1.8421052631578947,1.8421052631578947,DEF,295
Alphonse,Areola,West Ham,39,4.2,1.8157894736842106,3.6315789473684212,1.8157894736842106,1.8157894736842106,1.8157894736842106,GK,513
Michael,Kayode,Brentford,39,4.5,1.8,3.6,1.8,1.8,1.8,DEF,757
Tyler,Dibling,Sunderland,39,4.3,1.7894736842105263,3.5789473684210527,1.7894736842105263,1.7894736842105263,1.7894736842105263,MID,608
Lisandro,Martínez,Man Utd,39,4.3,1.7894736842105263,3.5789473684210527,1.7894736842105263,1.7894736842105263,1.7894736842105263,DEF,380
Chris,Richards,Crystal Palace,39,4.4,1.7894736842105263,3.5789473684210527,1.7894736842105263,1.7894736842105263,1.7894736842105263,DEF,194
Matthijs de,Ligt,Man Utd,39,4.8,1.7894736842105263,3.5789473684210527,1.7894736842105263,1.7894736842105263,1.7894736842105263,DEF,593
Ryan,Yates,Nott'm Forest,39,4.8,1.763157894736842,3.526315789473684,1.763157894736842,1.7631578947368418,1.7631578947368418,MID,449
Sam,Morsy,Leeds,39,4.8,1.763157894736842,3.526315789473684,1.763157894736842,1.7631578947368418,1.7631578947368418,MID,278
Will,Hughes,Crystal Palace,39,4.9,1.763157894736842,3.526315789473684,1.763157894736842,1.7631578947368418,1.7631578947368418,MID,203
Ethan,Nwaneri,Arsenal,39,4.3,1.736842105263158,3.473684210526316,1.736842105263158,1.7368421052631582,1.7368421052631582,MID,12
Darwin Núñez,Ribeiro,Liverpool,39,7.0,1.736842105263158,3.473684210526316,1.736842105263158,1.7368421052631582,1.7368421052631582,FWD,316
Jacob,Ramsey,Aston Villa,39,5.4,1.736842105263158,3.473684210526316,1.736842105263158,1.7368421052631582,1.7368421052631582,MID,53
Rico,Lewis,Man City,39,4.3,1.736842105263158,3.473684210526316,1.736842105263158,1.7368421052631582,1.7368421052631582,DEF,355
Guglielmo,Vicario,Spurs,39,4.8,1.736842105263158,3.473684210526316,1.736842105263158,1.7368421052631582,1.7368421052631582,GK,508
Amadou,Onana,Aston Villa,39,4.8,1.7105263157894737,3.4210526315789473,1.7105263157894737,1.7105263157894737,1.7105263157894737,MID,233
Jake,O'Brien,Everton,39,4.5,1.7105263157894737,3.4210526315789473,1.7105263157894737,1.7105263157894737,1.7105263157894737,DEF,582
André Trindade da Costa,Neto,Wolves,39,5.0,1.6944444444444444,3.388888888888889,1.6944444444444444,1.6944444444444444,1.6944444444444444,MID,642
Joshua,Zirkzee,Man Utd,39,6.5,1.6842105263157894,3.3684210526315788,1.6842105263157894,1.6842105263157894,1.6842105263157894,FWD,389
Sepp van den,Berg,Brentford,39,4.1,1.6756756756756757,3.3513513513513513,1.6756756756756757,1.6756756756756757,1.6756756756756757,DEF,338
Diego,Gómez,Brighton,39,5.5,1.6666666666666667,3.3333333333333335,1.6666666666666667,1.6666666666666667,1.6666666666666667,MID,714
Mads,Hermansen,Burnley,39,4.4,1.6578947368421053,3.3157894736842106,1.6578947368421053,1.6578947368421053,1.6578947368421053,GK,293
Dominic,Calvert-Lewin,Everton,39,5.4,1.6578947368421053,3.3157894736842106,1.6578947368421053,1.6578947368421053,1.6578947368421053,FWD,220
Pervis,Estupiñán,Brighton,39,4.9,1.6578947368421053,3.3157894736842106,1.6578947368421053,1.6578947368421053,1.6578947368421053,DEF,122
Gonçalo Manuel Ganchinho,Guedes,Wolves,39,5.3,1.631578947368421,3.263157894736842,1.631578947368421,1.631578947368421,1.631578947368421,MID,548
Manuel,Akanji,Man City,39,5.3,1.605263157894737,3.210526315789474,1.605263157894737,1.605263157894737,1.605263157894737,DEF,340
Jan,Bednarek,Sunderland,39,4.0,1.5789473684210527,3.1578947368421053,1.5789473684210527,1.5789473684210524,1.5789473684210524,DEF,455
Malo,Gusto,Chelsea,39,4.9,1.5789473684210527,3.1578947368421053,1.5789473684210527,1.5789473684210524,1.5789473684210524,DEF,171
Simon,Adingra,Sunderland,39,5.1,1.5789473684210527,3.1578947368421053,1.5789473684210527,1.5789473684210524,1.5789473684210524,MID,113
Christopher,Nkunku,Chelsea,39,5.7,1.5789473684210527,3.1578947368421053,1.5789473684210527,1.5789473684210524,1.5789473684210524,MID,181
Joël,Veltman,Brighton,39,4.3,1.5526315789473684,3.1052631578947367,1.5526315789473684,1.5526315789473684,1.5526315789473684,DEF,145
Jefferson Lerma,Solís,Crystal Palace,39,4.8,1.5263157894736843,3.0526315789473686,1.5263157894736843,1.5263157894736843,1.5263157894736843,MID,206
Tyler,Adams,Bournemouth,39,4.9,1.5263157894736843,3.0526315789473686,1.5263157894736843,1.5263157894736843,1.5263157894736843,MID,60
Ian,Maatsen,Aston Villa,39,4.5,1.5,3.0,1.5,1.5,1.5,DEF,45
Boubacar,Kamara,Aston Villa,39,5.0,1.5,3.0,1.5,1.5,1.5,MID,42
Cameron,Archer,Sunderland,39,4.8,1.5,3.0,1.5,1.5,1.5,FWD,27
Adam,Smith,Bournemouth,39,4.4,1.5,3.0,1.5,1.5,1.5,DEF,81
Odsonne,Edouard,Crystal Palace,39,5.5,1.5,3.0,1.5,1.5,1.5,FWD,198
Ryan,Sessegnon,Fulham,39,4.2,1.5,3.0,1.5,1.5,1.5,DEF,579
Saša,Lukić,Fulham,39,4.8,1.4736842105263157,2.9473684210526314,1.4736842105263157,1.4736842105263157,1.4736842105263157,MID,249
Eddie,Nketiah,Crystal Palace,39,5.9,1.4722222222222223,2.9444444444444446,1.4722222222222223,1.4722222222222223,1.4722222222222223,FWD,11
Pau,Torres,Aston Villa,39,4.2,1.4473684210526316,2.8947368421052633,1.4473684210526316,1.4473684210526316,1.4473684210526316,DEF,52
Sander,Berge,Fulham,39,5.0,1.4324324324324325,2.864864864864865,1.4324324324324325,1.4324324324324325,1.4324324324324325,MID,622
Reece,James,Leeds,39,4.8,1.4210526315789473,2.8421052631578947,1.4210526315789473,1.4210526315789476,1.4210526315789476,DEF,172
Nicolás,Domínguez,Nott'm Forest,39,4.8,1.4210526315789473,2.8421052631578947,1.4210526315789473,1.4210526315789476,1.4210526315789476,MID,431
Jean-Clair,Todibo,West Ham,39,4.2,1.4210526315789473,2.8421052631578947,1.4210526315789473,1.4210526315789476,1.4210526315789476,DEF,591
Kyle,Walker-Peters,West Ham,39,4.2,1.4210526315789473,2.8421052631578947,1.4210526315789473,1.4210526315789476,1.4210526315789476,DEF,476
Manuel,Ugarte,Man Utd,39,4.9,1.4,2.8,1.4,1.3999999999999997,1.3999999999999997,MID,652
Jhon,Durán,Aston Villa,39,5.7,1.394736842105263,2.789473684210526,1.394736842105263,1.394736842105263,1.394736842105263,FWD,38
Matt,O'Riley,Brighton,39,5.5,1.3888888888888888,2.7777777777777777,1.3888888888888888,1.3888888888888886,1.3888888888888886,MID,629
Joachim,Andersen,Fulham,39,4.2,1.3783783783783783,2.7567567567567566,1.3783783783783783,1.3783783783783783,1.3783783783783783,DEF,191
Romain,Esse,Crystal Palace,39,4.7,1.375,2.75,1.375,1.375,1.375,MID,730
Leif,Davis,Leeds,39,4.2,1.368421052631579,2.736842105263158,1.368421052631579,1.368421052631579,1.368421052631579,DEF,267
João Pedro Ferreira,Silva,Nott'm Forest,39,5.9,1.368421052631579,2.736842105263158,1.368421052631579,1.368421052631579,1.368421052631579,MID,596
Mats,Wieffer,Brighton,39,4.7,1.368421052631579,2.736842105263158,1.368421052631579,1.368421052631579,1.368421052631579,MID,149
David,Brooks,Bournemouth,39,4.9,1.368421052631579,2.736842105263158,1.368421052631579,1.368421052631579,1.368421052631579,MID,62
Santiago,Bueno,Wolves,39,4.3,1.368421052631579,2.736842105263158,1.368421052631579,1.368421052631579,1.368421052631579,DEF,564
Carlos,Soler,West Ham,39,5.0,1.3428571428571427,2.6857142857142855,1.3428571428571427,1.3428571428571427,1.3428571428571427,MID,654
Djed,Spence,Spurs,39,4.4,1.3421052631578947,2.6842105263157894,1.3421052631578947,1.3421052631578947,1.3421052631578947,DEF,504
Benjamin,White,Arsenal,39,6.2,1.3157894736842106,2.6315789473684212,1.3157894736842106,1.3157894736842106,1.3157894736842106,DEF,24
Yves,Bissouma,Spurs,39,4.8,1.3157894736842106,2.6315789473684212,1.3157894736842106,1.3157894736842106,1.3157894736842106,MID,482
Pablo,Sarabia,Wolves,39,5.0,1.3157894736842106,2.6315789473684212,1.3157894736842106,1.3157894736842106,1.3157894736842106,MID,565
Arijanet,Muric,Leeds,39,4.4,1.2894736842105263,2.5789473684210527,1.2894736842105263,1.2894736842105263,1.2894736842105263,GK,568
Kenny,Tete,Fulham,39,4.4,1.2894736842105263,2.5789473684210527,1.2894736842105263,1.2894736842105263,1.2894736842105263,DEF,257
Cristian,Romero,Spurs,39,4.9,1.2894736842105263,2.5789473684210527,1.2894736842105263,1.2894736842105263,1.2894736842105263,DEF,498
Rodrigo,Bentancur,Spurs,39,4.9,1.2894736842105263,2.5789473684210527,1.2894736842105263,1.2894736842105263,1.2894736842105263,MID,480
Patrick,Dorgu,Man Utd,39,4.5,1.2857142857142858,2.5714285714285716,1.2857142857142858,1.2857142857142858,1.2857142857142858,DEF,766
Carlos Henrique,Casimiro,Man Utd,39,4.6,1.263157894736842,2.526315789473684,1.263157894736842,1.263157894736842,1.263157894736842,MID,368
Harry,Maguire,Man Utd,39,4.9,1.263157894736842,2.526315789473684,1.263157894736842,1.263157894736842,1.263157894736842,DEF,377
Bobby De,Cordova-Reid,Burnley,39,5.2,1.263157894736842,2.526315789473684,1.263157894736842,1.263157894736842,1.263157894736842,MID,290
Michael,Keane,Everton,39,3.8,1.263157894736842,2.526315789473684,1.263157894736842,1.263157894736842,1.263157894736842,DEF,228
Ethan,Pinnock,Brentford,39,4.4,1.236842105263158,2.473684210526316,1.236842105263158,1.236842105263158,1.236842105263158,DEF,104
Tyrone,Mings,Aston Villa,39,4.4,1.236842105263158,2.473684210526316,1.236842105263158,1.236842105263158,1.236842105263158,DEF,49
Leon,Bailey,Aston Villa,39,6.2,1.236842105263158,2.473684210526316,1.236842105263158,1.236842105263158,1.236842105263158,MID,28
Mario,Lemina,Wolves,39,4.8,1.236842105263158,2.473684210526316,1.236842105263158,1.236842105263158,1.236842105263158,MID,557
Joe,Willock,Newcastle,39,4.7,1.2105263157894737,2.4210526315789473,1.2105263157894737,1.2105263157894737,1.2105263157894737,MID,420
Timothy,Castagne,Fulham,39,4.2,1.2105263157894737,2.4210526315789473,1.2105263157894737,1.2105263157894737,1.2105263157894737,DEF,244
Adam,Armstrong,Sunderland,39,5.1,1.1842105263157894,2.3684210526315788,1.1842105263157894,1.1842105263157894,1.1842105263157894,FWD,453
Archie,Gray,Spurs,39,4.6,1.1842105263157894,2.3684210526315788,1.1842105263157894,1.1842105263157894,1.1842105263157894,MID,489
Christian,Eriksen,Man Utd,39,5.2,1.1842105263157894,2.3684210526315788,1.1842105263157894,1.1842105263157894,1.1842105263157894,MID,370
Daichi,Kamada,Crystal Palace,39,5.1,1.1842105263157894,2.3684210526315788,1.1842105263157894,1.1842105263157894,1.1842105263157894,MID,205
Brajan,Gruda,Brighton,39,5.4,1.1842105263157894,2.3684210526315788,1.1842105263157894,1.1842105263157894,1.1842105263157894,MID,595
Konstantinos,Mavropanos,West Ham,39,4.3,1.1842105263157894,2.3684210526315788,1.1842105263157894,1.1842105263157894,1.1842105263157894,DEF,528
Caoimhin,Kelleher,Liverpool,39,3.9,1.1842105263157894,2.3684210526315788,1.1842105263157894,1.1842105263157894,1.1842105263157894,GK,325
Ross,Barkley,Aston Villa,39,5.2,1.1578947368421053,2.3157894736842106,1.1578947368421053,1.1578947368421053,1.1578947368421053,MID,29
Martin,Dúbravka,Newcastle,39,4.0,1.1578947368421053,2.3157894736842106,1.1578947368421053,1.1578947368421053,1.1578947368421053,GK,396
Lewis,Dunk,Brighton,39,4.2,1.1578947368421053,2.3157894736842106,1.1578947368421053,1.1578947368421053,1.1578947368421053,DEF,120
Lucas,Bergvall,Spurs,39,4.4,1.1578947368421053,2.3157894736842106,1.1578947368421053,1.1578947368421053,1.1578947368421053,MID,481
Jesper,Lindstrøm,Everton,39,5.0,1.1578947368421053,2.3157894736842106,1.1578947368421053,1.1578947368421053,1.1578947368421053,MID,577
Kevin,Danso,Spurs,39,4.4,1.1428571428571428,2.2857142857142856,1.1428571428571428,1.1428571428571428,1.1428571428571428,DEF,767
Yehor,Yarmoliuk,Brentford,39,4.3,1.131578947368421,2.263157894736842,1.131578947368421,1.131578947368421,1.131578947368421,MID,111
Konstantinos,Tsimikas,Liverpool,39,4.6,1.131578947368421,2.263157894736842,1.131578947368421,1.131578947368421,1.131578947368421,DEF,337
Jakub,Kiwior,Arsenal,39,4.9,1.131578947368421,2.263157894736842,1.131578947368421,1.131578947368421,1.131578947368421,DEF,8
Destiny,Udogie,Spurs,39,4.8,1.131578947368421,2.263157894736842,1.131578947368421,1.131578947368421,1.131578947368421,DEF,505
Orel,Mangala,Everton,39,5.0,1.1142857142857143,2.2285714285714286,1.1142857142857143,1.1142857142857143,1.1142857142857143,MID,651
James,Garner,Everton,39,4.9,1.105263157894737,2.210526315789474,1.105263157894737,1.105263157894737,1.105263157894737,MID,223
Kobbie,Mainoo,Man Utd,39,5.2,1.105263157894737,2.210526315789474,1.105263157894737,1.105263157894737,1.105263157894737,MID,378
Tariq,Lamptey,Brighton,39,4.4,1.105263157894737,2.210526315789474,1.105263157894737,1.105263157894737,1.105263157894737,DEF,131
Adam,Wharton,Crystal Palace,39,4.7,1.105263157894737,2.210526315789474,1.105263157894737,1.105263157894737,1.105263157894737,MID,216
Niclas,Füllkrug,West Ham,39,6.7,1.105263157894737,2.210526315789474,1.105263157894737,1.105263157894737,1.105263157894737,FWD,589
Michail,Antonio,West Ham,39,5.2,1.105263157894737,2.210526315789474,1.105263157894737,1.105263157894737,1.105263157894737,FWD,512
Rodrigo Martins,Gomes,Wolves,39,5.1,1.105263157894737,2.210526315789474,1.105263157894737,1.105263157894737,1.105263157894737,MID,563
Gabriel Fernando de,Jesus,Arsenal,39,6.5,1.105263157894737,2.210526315789474,1.105263157894737,1.105263157894737,1.105263157894737,FWD,2
Conor,Bradley,Liverpool,39,4.7,1.0789473684210527,2.1578947368421053,1.0789473684210527,1.0789473684210527,1.0789473684210527,DEF,313
Oleksandr,Zinchenko,Arsenal,39,4.8,1.0526315789473684,2.1052631578947367,1.0526315789473684,1.0526315789473684,1.0526315789473684,DEF,25
Edson Álvarez,Velázquez,West Ham,39,5.0,1.0526315789473684,2.1052631578947367,1.0526315789473684,1.0526315789473684,1.0526315789473684,MID,511
Ollie,Scarles,West Ham,39,4.0,1.0357142857142858,2.0714285714285716,1.0357142857142858,1.0357142857142858,1.0357142857142858,DEF,677
Felipe Rodrigues da,Silva,Nott'm Forest,39,4.5,1.0285714285714285,2.057142857142857,1.0285714285714285,1.0285714285714285,1.0285714285714285,DEF,653
Łukasz,Fabiański,West Ham,39,3.9,1.0263157894736843,2.0526315789473686,1.0263157894736843,1.0263157894736843,1.0263157894736843,GK,521
Adam,Webster,Brighton,39,4.3,1.0263157894736843,2.0526315789473686,1.0263157894736843,1.0263157894736843,1.0263157894736843,DEF,147
Kristoffer,Ajer,Brentford,39,4.4,1.0263157894736843,2.0526315789473686,1.0263157894736843,1.0263157894736843,1.0263157894736843,DEF,86
Riccardo,Calafiori,Arsenal,39,5.8,1.0263157894736843,2.0526315789473686,1.0263157894736843,1.0263157894736843,1.0263157894736843,DEF,578
Jack,Grealish,Man City,39,6.4,1.0,2.0,1.0,1.0,1.0,MID,349
Mathias,Jensen,Brentford,39,5.3,1.0,2.0,1.0,1.0,1.0,MID,95
Hwang,Hee-chan,Wolves,39,6.1,0.9736842105263158,1.9473684210526316,0.9736842105263158,0.9736842105263158,0.9736842105263158,MID,550
Myles,Lewis-Skelly,Arsenal,39,4.5,0.9736842105263158,1.9473684210526316,0.9736842105263158,0.9736842105263158,0.9736842105263158,MID,597
Aaron,Cresswell,West Ham,39,3.9,0.9473684210526315,1.894736842105263,0.9473684210526315,0.9473684210526315,0.9473684210526315,DEF,517
Guido,Rodríguez,West Ham,39,4.8,0.9473684210526315,1.894736842105263,0.9473684210526315,0.9473684210526315,0.9473684210526315,MID,588
Mads Roerslev,Rasmussen,Brentford,39,4.3,0.9473684210526315,1.894736842105263,0.9473684210526315,0.9473684210526315,0.9473684210526315,DEF,105
Antonín,Kinsky,Spurs,39,4.1,0.9444444444444444,1.8888888888888888,0.9444444444444444,0.9444444444444443,0.9444444444444443,GK,716
Justin,Devenny,Crystal Palace,39,4.5,0.9444444444444444,1.8888888888888888,0.9444444444444444,0.9444444444444443,0.9444444444444443,MID,645
Ben,Chilwell,Crystal Palace,39,4.6,0.9285714285714286,1.8571428571428572,0.9285714285714286,0.9285714285714285,0.9285714285714285,DEF,160
Willian Borges da,Silva,Fulham,39,5.0,0.9285714285714286,1.8571428571428572,0.9285714285714286,0.9285714285714285,0.9285714285714285,MID,772
Fábio Freitas Gouveia,Carvalho,Brentford,39,4.5,0.9210526315789473,1.8421052631578947,0.9210526315789473,0.9210526315789473,0.9210526315789473,MID,314
Stefan Ortega,Moreno,Man City,39,5.2,0.9210526315789473,1.8421052631578947,0.9210526315789473,0.9210526315789473,0.9210526315789473,GK,358
Richarlison de,Andrade,Spurs,39,6.8,0.9210526315789473,1.8421052631578947,0.9210526315789473,0.9210526315789473,0.9210526315789473,FWD,497
Álex Moreno,Lopera,Aston Villa,39,4.2,0.918918918918919,1.837837837837838,0.918918918918919,0.918918918918919,0.918918918918919,DEF,26
Axel,Disasi,Chelsea,39,4.2,0.9166666666666666,1.8333333333333333,0.9166666666666666,0.9166666666666666,0.9166666666666666,DEF,167
Sean,Longstaff,Leeds,39,4.4,0.8947368421052632,1.7894736842105263,0.8947368421052632,0.8947368421052632,0.8947368421052632,MID,410
Patson,Daka,Burnley,39,4.8,0.8947368421052632,1.7894736842105263,0.8947368421052632,0.8947368421052632,0.8947368421052632,FWD,289
Wilson,Odobert,Spurs,39,5.3,0.8947368421052632,1.7894736842105263,0.8947368421052632,0.8947368421052632,0.8947368421052632,MID,612
Victor,Kristiansen,Burnley,39,4.4,0.8947368421052632,1.7894736842105263,0.8947368421052632,0.8947368421052632,0.8947368421052632,DEF,296
Timo,Werner,Spurs,39,6.2,0.8947368421052632,1.7894736842105263,0.8947368421052632,0.8947368421052632,0.8947368421052632,MID,509
Abdukodir,Khusanov,Man City,39,5.0,0.875,1.75,0.875,0.875,0.875,DEF,732
Crysencio,Summerville,West Ham,39,5.5,0.868421052631579,1.736842105263158,0.868421052631579,0.8684210526315791,0.8684210526315791,MID,587
Harvey,Elliott,Liverpool,39,5.2,0.868421052631579,1.736842105263158,0.868421052631579,0.8684210526315791,0.8684210526315791,MID,319
Tom,Cairney,Fulham,39,4.8,0.868421052631579,1.736842105263158,0.868421052631579,0.8684210526315791,0.8684210526315791,MID,243
Danny,Ings,West Ham,39,4.8,0.8421052631578947,1.6842105263157894,0.8421052631578947,0.8421052631578947,0.8421052631578947,FWD,523
Taiwo,Awoniyi,Nott'm Forest,39,5.5,0.8421052631578947,1.6842105263157894,0.8421052631578947,0.8421052631578947,0.8421052631578947,FWD,424
Enes,Ünal,Bournemouth,39,5.4,0.8421052631578947,1.6842105263157894,0.8421052631578947,0.8421052631578947,0.8421052631578947,FWD,65
Micky van de,Ven,Spurs,39,4.5,0.8421052631578947,1.6842105263157894,0.8421052631578947,0.8421052631578947,0.8421052631578947,DEF,506
Marcos,Senesi,Bournemouth,39,4.6,0.8157894736842105,1.631578947368421,0.8157894736842105,0.8157894736842105,0.8157894736842105,DEF,79
James,McAtee,Man City,39,4.6,0.8157894736842105,1.631578947368421,0.8157894736842105,0.8157894736842105,0.8157894736842105,MID,357
Nico,O'Reilly,Man City,39,4.9,0.8157894736842105,1.631578947368421,0.8157894736842105,0.8157894736842105,0.8157894736842105,MID,607
Issa,Diop,Fulham,39,4.3,0.8157894736842105,1.631578947368421,0.8157894736842105,0.8157894736842105,0.8157894736842105,DEF,245
Evan,Ferguson,Brighton,39,5.5,0.7916666666666666,1.5833333333333333,0.7916666666666666,0.7916666666666666,0.7916666666666666,FWD,123
Ben,Johnson,Sunderland,39,3.8,0.7894736842105263,1.5789473684210527,0.7894736842105263,0.7894736842105262,0.7894736842105262,DEF,275
John,Stones,Man City,39,5.3,0.7631578947368421,1.5263157894736843,0.7631578947368421,0.7631578947368421,0.7631578947368421,DEF,362
Tyrique,George,Chelsea,39,4.5,0.7391304347826086,1.4782608695652173,0.7391304347826086,0.7391304347826088,0.7391304347826088,MID,696
Tommy,Doyle,Wolves,39,4.7,0.7368421052631579,1.4736842105263157,0.7368421052631579,0.7368421052631579,0.7368421052631579,MID,544
Ben,Davies,Spurs,39,4.3,0.7368421052631579,1.4736842105263157,0.7368421052631579,0.7368421052631579,0.7368421052631579,DEF,484
Reiss,Nelson,Arsenal,39,5.0,0.7222222222222222,1.4444444444444444,0.7222222222222222,0.7222222222222222,0.7222222222222222,MID,10
Raheem,Sterling,Arsenal,39,6.7,0.7222222222222222,1.4444444444444444,0.7222222222222222,0.7222222222222222,0.7222222222222222,MID,186
Ayden,Heaven,Man Utd,39,4.0,0.7142857142857143,1.4285714285714286,0.7142857142857143,0.7142857142857143,0.7142857142857143,DEF,658
Vladimír,Coufal,West Ham,39,4.1,0.7105263157894737,1.4210526315789473,0.7105263157894737,0.7105263157894738,0.7105263157894738,DEF,516
Axel,Tuanzebe,Burnley,39,3.9,0.7105263157894737,1.4210526315789473,0.7105263157894737,0.7105263157894738,0.7105263157894738,DEF,282
Kieran,Tierney,Arsenal,39,4.3,0.7105263157894737,1.4210526315789473,0.7105263157894737,0.7105263157894738,0.7105263157894738,DEF,21
Kalvin,Phillips,Man City,39,4.8,0.7105263157894737,1.4210526315789473,0.7105263157894737,0.7105263157894738,0.7105263157894738,MID,359
Victor,Lindelöf,Man Utd,39,4.3,0.7105263157894737,1.4210526315789473,0.7105263157894737,0.7105263157894738,0.7105263157894738,DEF,376
Roméo,Lavia,Chelsea,39,4.5,0.6842105263157895,1.368421052631579,0.6842105263157895,0.6842105263157895,0.6842105263157895,MID,174
Alex,Scott,Bournemouth,39,4.7,0.6842105263157895,1.368421052631579,0.6842105263157895,0.6842105263157895,0.6842105263157895,MID,77
Wesley,Fofana,Chelsea,39,4.3,0.6842105263157895,1.368421052631579,0.6842105263157895,0.6842105263157895,0.6842105263157895,DEF,189
Ramón,Sosa,Crystal Palace,39,5.5,0.6756756756756757,1.3513513513513513,0.6756756756756757,0.6756756756756758,0.6756756756756758,MID,620
Jakub,Stolarczyk,Burnley,39,4.0,0.6578947368421053,1.3157894736842106,0.6578947368421053,0.6578947368421053,0.6578947368421053,GK,304
Nathan,Aké,Man City,39,5.3,0.6578947368421053,1.3157894736842106,0.6578947368421053,0.6578947368421053,0.6578947368421053,DEF,341
Mason,Mount,Man Utd,39,6.3,0.6578947368421053,1.3157894736842106,0.6578947368421053,0.6578947368421053,0.6578947368421053,MID,382
João Félix,Sequeira,Chelsea,39,5.9,0.6486486486486487,1.2972972972972974,0.6486486486486487,0.6486486486486487,0.6486486486486487,MID,621
Radu,Drăgușin,Spurs,39,4.3,0.631578947368421,1.263157894736842,0.631578947368421,0.631578947368421,0.631578947368421,DEF,486
Luis,Sinisterra,Bournemouth,39,4.8,0.6052631578947368,1.2105263157894737,0.6052631578947368,0.6052631578947368,0.6052631578947368,MID,80
Leny,Yoro,Man Utd,39,4.3,0.5789473684210527,1.1578947368421053,0.5789473684210527,0.5789473684210527,0.5789473684210527,DEF,572
Tim,Iroegbunam,Everton,39,4.3,0.5789473684210527,1.1578947368421053,0.5789473684210527,0.5789473684210527,0.5789473684210527,MID,226
Endo,Wataru,Liverpool,39,4.6,0.5526315789473685,1.105263157894737,0.5526315789473685,0.5526315789473685,0.5526315789473685,MID,320
Lewis,Miley,Newcastle,39,5.0,0.5526315789473685,1.105263157894737,0.5526315789473685,0.5526315789473685,0.5526315789473685,MID,411
Diego Carlos Santos,Silva,Aston Villa,39,4.5,0.5526315789473685,1.105263157894737,0.5526315789473685,0.5526315789473685,0.5526315789473685,DEF,35
Ferdi,Kadioglu,Brighton,39,4.4,0.5277777777777778,1.0555555555555556,0.5277777777777778,0.5277777777777778,0.5277777777777778,DEF,628
Daniel,Jebbison,Bournemouth,39,4.5,0.5263157894736842,1.0526315789473684,0.5263157894736842,0.5263157894736842,0.5263157894736842,FWD,69
Jorge Luiz Frello,Filho,Arsenal,39,4.6,0.5263157894736842,1.0526315789473684,0.5263157894736842,0.5263157894736842,0.5263157894736842,MID,7
Ibrahim,Sangaré,Nott'm Forest,39,4.3,0.5263157894736842,1.0526315789473684,0.5263157894736842,0.5263157894736842,0.5263157894736842,MID,442
Mikey,Moore,Spurs,39,4.5,0.5,1.0,0.5,0.5,0.5,MID,610
Mark,Travers,Everton,39,4.4,0.5,1.0,0.5,0.5,0.5,GK,84
Chido,Obi-Martin,Man Utd,39,4.5,0.5,1.0,0.5,0.5,0.5,FWD,776
Andrés,García,Aston Villa,39,4.5,0.5,1.0,0.5,0.5,0.5,DEF,731
William,Osula,Newcastle,39,4.9,0.5,1.0,0.5,0.5,0.5,FWD,590
Callum,Wilson,Newcastle,39,6.9,0.5,1.0,0.5,0.5,0.5,FWD,421
Fraser,Forster,Spurs,39,4.3,0.5,1.0,0.5,0.5,0.5,GK,488
Cheick,Doucouré,Crystal Palace,39,4.8,0.5,1.0,0.5,0.5,0.5,MID,193
Igor Julio dos Santos de,Paulo,Brighton,39,4.3,0.47368421052631576,0.9473684210526315,0.47368421052631576,0.47368421052631576,0.47368421052631576,DEF,128
Filip,Jørgensen,Chelsea,39,4.2,0.47368421052631576,0.9473684210526315,0.47368421052631576,0.47368421052631576,0.47368421052631576,GK,581
Sven,Botman,Newcastle,39,4.4,0.47368421052631576,0.9473684210526315,0.47368421052631576,0.47368421052631576,0.47368421052631576,DEF,393
Nathaniel,Clyne,Crystal Palace,39,4.3,0.47368421052631576,0.9473684210526315,0.47368421052631576,0.47368421052631576,0.47368421052631576,DEF,196
Kiernan,Dewsbury-Hall,Chelsea,39,5.5,0.47368421052631576,0.9473684210526315,0.47368421052631576,0.47368421052631576,0.47368421052631576,MID,166
Emil,Krafth,Newcastle,39,4.3,0.4473684210526316,0.8947368421052632,0.4473684210526316,0.4473684210526316,0.4473684210526316,DEF,405
Craig,Dawson,Wolves,39,4.2,0.4473684210526316,0.8947368421052632,0.4473684210526316,0.4473684210526316,0.4473684210526316,DEF,542
James,Hill,Bournemouth,39,3.9,0.4473684210526316,0.8947368421052632,0.4473684210526316,0.4473684210526316,0.4473684210526316,DEF,68
Jaden,Philogene,Aston Villa,39,5.3,0.42857142857142855,0.8571428571428571,0.42857142857142855,0.42857142857142855,0.42857142857142855,MID,569
Christian,Walton,Leeds,39,4.3,0.42105263157894735,0.8421052631578947,0.42105263157894735,0.42105263157894735,0.42105263157894735,GK,283
Jonny,Evans,Man Utd,39,4.4,0.39473684210526316,0.7894736842105263,0.39473684210526316,0.3947368421052631,0.3947368421052631,DEF,371
Nathan,Patterson,Everton,39,4.4,0.3684210526315789,0.7368421052631579,0.3684210526315789,0.3684210526315789,0.3684210526315789,DEF,234
Joe,Gomez,Brighton,39,4.7,0.3684210526315789,0.7368421052631579,0.3684210526315789,0.3684210526315789,0.3684210526315789,DEF,322
Kyle,Walker,Burnley,39,5.1,0.34210526315789475,0.6842105263157895,0.34210526315789475,0.34210526315789475,0.34210526315789475,DEF,363
Armando,Broja,Everton,39,5.3,0.3333333333333333,0.6666666666666666,0.3333333333333333,0.3333333333333333,0.3333333333333333,FWD,156
Sam,Johnstone,Wolves,39,4.1,0.3333333333333333,0.6666666666666666,0.3333333333333333,0.3333333333333333,0.3333333333333333,GK,204
Jeffrey,Schlupp,Crystal Palace,39,4.6,0.3157894736842105,0.631578947368421,0.3157894736842105,0.3157894736842105,0.3157894736842105,MID,214
Alex,McCarthy,Sunderland,39,4.2,0.3157894736842105,0.631578947368421,0.3157894736842105,0.3157894736842105,0.3157894736842105,GK,469
Lloyd,Kelly,Newcastle,39,4.2,0.3157894736842105,0.631578947368421,0.3157894736842105,0.3157894736842105,0.3157894736842105,DEF,404
Luis Guilherme Lira dos,Santos,West Ham,39,4.6,0.3157894736842105,0.631578947368421,0.3157894736842105,0.3157894736842105,0.3157894736842105,MID,526
Julián Araujo,Zúñiga,Bournemouth,39,4.3,0.3157894736842105,0.631578947368421,0.3157894736842105,0.3157894736842105,0.3157894736842105,DEF,592
Danilo dos Santos de,Oliveira,Nott'm Forest,39,4.7,0.2894736842105263,0.5789473684210527,0.2894736842105263,0.2894736842105263,0.2894736842105263,MID,429
Emiliano Buendía,Stati,Aston Villa,39,5.1,0.2894736842105263,0.5789473684210527,0.2894736842105263,0.2894736842105263,0.2894736842105263,MID,31
Nasser,Djiga,Wolves,39,4.5,0.2857142857142857,0.5714285714285714,0.2857142857142857,0.2857142857142857,0.2857142857142857,DEF,769
Paris,Maghoma,Brentford,39,4.5,0.27586206896551724,0.5517241379310345,0.27586206896551724,0.27586206896551724,0.27586206896551724,MID,674
Miguel Almirón,Rejala,Newcastle,39,5.4,0.2631578947368421,0.5263157894736842,0.2631578947368421,0.2631578947368421,0.2631578947368421,MID,391
Philip,Billing,Bournemouth,39,4.8,0.2631578947368421,0.5263157894736842,0.2631578947368421,0.2631578947368421,0.2631578947368421,MID,76
Yunus Emre,Konak,Brentford,39,4.4,0.2631578947368421,0.5263157894736842,0.2631578947368421,0.2631578947368421,0.2631578947368421,MID,97
Josh,King,Fulham,39,4.4,0.2631578947368421,0.5263157894736842,0.2631578947368421,0.2631578947368421,0.2631578947368421,MID,604
Harrison,Reed,Fulham,39,4.7,0.2631578947368421,0.5263157894736842,0.2631578947368421,0.2631578947368421,0.2631578947368421,MID,254
Carlos Roberto Forbs,Borges,Wolves,39,5.4,0.2571428571428571,0.5142857142857142,0.2571428571428571,0.2571428571428571,0.2571428571428571,MID,655
Robin,Olsen,Aston Villa,39,4.5,0.23684210526315788,0.47368421052631576,0.23684210526315788,0.23684210526315788,0.23684210526315788,GK,51
Ben,Mee,Brentford,39,4.2,0.23684210526315788,0.47368421052631576,0.23684210526315788,0.23684210526315788,0.23684210526315788,DEF,100
Daniel,Bentley,Wolves,39,3.9,0.23684210526315788,0.47368421052631576,0.23684210526315788,0.23684210526315788,0.23684210526315788,GK,536
Matheus França de,Oliveira,Crystal Palace,39,4.4,0.23684210526315788,0.47368421052631576,0.23684210526315788,0.23684210526315788,0.23684210526315788,MID,208
Jason,Steele,Brighton,39,4.0,0.23684210526315788,0.47368421052631576,0.23684210526315788,0.23684210526315788,0.23684210526315788,GK,142
Andy,Irving,West Ham,39,4.7,0.23684210526315788,0.47368421052631576,0.23684210526315788,0.23684210526315788,0.23684210526315788,MID,576
Jorge Cuenca,Barreno,Fulham,39,4.4,0.23684210526315788,0.47368421052631576,0.23684210526315788,0.23684210526315788,0.23684210526315788,DEF,586
Igor Thiago Nascimento,Rodrigues,Brentford,39,5.9,0.23684210526315788,0.47368421052631576,0.23684210526315788,0.23684210526315788,0.23684210526315788,FWD,107
Jarell,Quansah,Liverpool,39,3.9,0.23684210526315788,0.47368421052631576,0.23684210526315788,0.23684210526315788,0.23684210526315788,DEF,333
Antony Matheus dos,Santos,Man Utd,39,5.7,0.21052631578947367,0.42105263157894735,0.21052631578947367,0.21052631578947367,0.21052631578947367,MID,365
Altay,Bayindir,Man Utd,39,4.3,0.21052631578947367,0.42105263157894735,0.21052631578947367,0.21052631578947367,0.21052631578947367,GK,367
Ali,Al-Hamadi,Leeds,39,4.7,0.21052631578947367,0.42105263157894735,0.21052631578947367,0.21052631578947367,0.21052631578947367,FWD,260
Max,Aarons,Bournemouth,39,4.3,0.21052631578947367,0.42105263157894735,0.21052631578947367,0.21052631578947367,0.21052631578947367,DEF,59
Federico,Chiesa,Liverpool,39,6.8,0.19444444444444445,0.3888888888888889,0.19444444444444445,0.19444444444444445,0.19444444444444445,MID,636
Benoît,Badiashile,Chelsea,39,4.2,0.18421052631578946,0.3684210526315789,0.18421052631578946,0.18421052631578946,0.18421052631578946,DEF,153
Renato Palma,Veiga,Chelsea,39,4.4,0.18421052631578946,0.3684210526315789,0.18421052631578946,0.18421052631578946,0.18421052631578946,MID,184
Mykhailo,Mudryk,Chelsea,39,6.1,0.18421052631578946,0.3684210526315789,0.18421052631578946,0.18421052631578946,0.18421052631578946,MID,179
Solly,March,Brighton,39,6.5,0.18421052631578946,0.3684210526315789,0.18421052631578946,0.18421052631578946,0.18421052631578946,MID,132
Josh,Acheampong,Chelsea,39,4.0,0.17391304347826086,0.34782608695652173,0.17391304347826086,0.17391304347826086,0.17391304347826086,DEF,697
Julio,Soler,Bournemouth,39,3.9,0.16666666666666666,0.3333333333333333,0.16666666666666666,0.16666666666666666,0.16666666666666666,DEF,713
Dane,Scarlett,Spurs,39,4.4,0.15789473684210525,0.3157894736842105,0.15789473684210525,0.15789473684210525,0.15789473684210525,FWD,500
Toby,Collyer,Man Utd,39,4.5,0.15789473684210525,0.3157894736842105,0.15789473684210525,0.15789473684210525,0.15789473684210525,MID,613
James,Milner,Brighton,39,5.0,0.15789473684210525,0.3157894736842105,0.15789473684210525,0.15789473684210525,0.15789473684210525,MID,134
Willy,Boly,Nott'm Forest,39,4.2,0.15789473684210525,0.3157894736842105,0.15789473684210525,0.15789473684210525,0.15789473684210525,DEF,425
Lamare,Bogarde,Aston Villa,39,3.9,0.15789473684210525,0.3157894736842105,0.15789473684210525,0.15789473684210525,0.15789473684210525,DEF,598
Ben,Winterburn,Bournemouth,39,4.5,0.15384615384615385,0.3076923076923077,0.15384615384615385,0.15384615384615385,0.15384615384615385,MID,687
Harry,Howell,Brighton,39,4.5,0.14285714285714285,0.2857142857142857,0.14285714285714285,0.14285714285714285,0.14285714285714285,MID,795
Tyler,Fredricson,Man Utd,39,4.0,0.14285714285714285,0.2857142857142857,0.14285714285714285,0.14285714285714285,0.14285714285714285,DEF,777
Harry,Amass,Man Utd,39,4.0,0.13333333333333333,0.26666666666666666,0.13333333333333333,0.13333333333333333,0.13333333333333333,DEF,670
Kosta,Nedeljković,Aston Villa,39,3.9,0.13157894736842105,0.2631578947368421,0.13157894736842105,0.13157894736842105,0.13157894736842105,DEF,50
Luke,Shaw,Man Utd,39,4.9,0.13157894736842105,0.2631578947368421,0.13157894736842105,0.13157894736842105,0.13157894736842105,DEF,387
Séamus,Coleman,Everton,39,4.3,0.13157894736842105,0.2631578947368421,0.13157894736842105,0.13157894736842105,0.13157894736842105,DEF,221
Harry,Toffolo,Nott'm Forest,39,4.2,0.10526315789473684,0.21052631578947367,0.10526315789473684,0.10526315789473684,0.10526315789473684,DEF,444
Jakub,Moder,Brighton,39,4.4,0.10526315789473684,0.21052631578947367,0.10526315789473684,0.10526315789473684,0.10526315789473684,MID,137
Rico,Henry,Brentford,39,4.3,0.10526315789473684,0.21052631578947367,0.10526315789473684,0.10526315789473684,0.10526315789473684,DEF,92
Claudio,Echeverri,Man City,39,5.8,0.09090909090909091,0.18181818181818182,0.09090909090909091,0.0909090909090909,0.0909090909090909,MID,785
Lewis,Orford,West Ham,39,4.5,0.08695652173913043,0.17391304347826086,0.08695652173913043,0.08695652173913043,0.08695652173913043,MID,701
Mateus,Mané,Wolves,39,4.5,0.08333333333333333,0.16666666666666666,0.08333333333333333,0.08333333333333333,0.08333333333333333,FWD,784
Gustavo Nunes Fernandes,Gomes,Brentford,39,4.9,0.08333333333333333,0.16666666666666666,0.08333333333333333,0.08333333333333333,0.08333333333333333,MID,634
Will,Lankshear,Spurs,39,4.5,0.07894736842105263,0.15789473684210525,0.07894736842105263,0.07894736842105263,0.07894736842105263,FWD,609
Billy,Gilmour,Brighton,39,5.0,0.07894736842105263,0.15789473684210525,0.07894736842105263,0.07894736842105263,0.07894736842105263,MID,124
Marc Guiu,Paz,Chelsea,39,4.7,0.07894736842105263,0.15789473684210525,0.07894736842105263,0.07894736842105263,0.07894736842105263,FWD,178
Oscar,Bobb,Man City,39,4.7,0.07894736842105263,0.15789473684210525,0.07894736842105263,0.07894736842105263,0.07894736842105263,MID,343
Kim,Ji-soo,Brentford,39,3.9,0.07894736842105263,0.15789473684210525,0.07894736842105263,0.07894736842105263,0.07894736842105263,DEF,96
Rodrigo 'Rodri',Hernandez,Man City,39,6.2,0.07894736842105263,0.15789473684210525,0.07894736842105263,0.07894736842105263,0.07894736842105263,MID,360
Yerson,Mosquera,Arsenal,39,3.8,0.07894736842105263,0.15789473684210525,0.07894736842105263,0.07894736842105263,0.07894736842105263,DEF,558
Carlos Vinícius Alves,Morais,Fulham,39,5.0,0.07894736842105263,0.15789473684210525,0.07894736842105263,0.07894736842105263,0.07894736842105263,FWD,258
Youssef Ramalho,Chermiti,Everton,39,4.9,0.07894736842105263,0.15789473684210525,0.07894736842105263,0.07894736842105263,0.07894736842105263,FWD,237
Shumaira,Mheuka,Chelsea,39,4.5,0.07692307692307693,0.15384615384615385,0.07692307692307693,0.07692307692307693,0.07692307692307693,FWD,781
Mathis,Amougou,Chelsea,39,4.5,0.07142857142857142,0.14285714285714285,0.07142857142857142,0.07142857142857142,0.07142857142857142,MID,771
Eiran,Cashin,Brighton,39,4.5,0.07142857142857142,0.14285714285714285,0.07142857142857142,0.07142857142857142,0.07142857142857142,DEF,763
Caleb,Kporha,Crystal Palace,39,4.0,0.0625,0.125,0.0625,0.0625,0.0625,DEF,666
Vitor de Oliveira Nunes dos,Reis,Man City,39,4.5,0.0625,0.125,0.0625,0.0625,0.0625,DEF,733
Zain,Silcott-Duberry,Bournemouth,39,4.5,0.058823529411764705,0.11764705882352941,0.058823529411764705,0.0588235294117647,0.0588235294117647,MID,728
Asher,Agbinone,Crystal Palace,39,4.5,0.05555555555555555,0.1111111111111111,0.05555555555555555,0.05555555555555555,0.05555555555555555,MID,646
Hákon,Valdimarsson,Brentford,39,3.9,0.05263157894736842,0.10526315789473684,0.05263157894736842,0.05263157894736842,0.05263157894736842,GK,109
Matt,Targett,Newcastle,39,3.9,0.05263157894736842,0.10526315789473684,0.05263157894736842,0.05263157894736842,0.05263157894736842,DEF,416
Harrison,Armstrong,Everton,39,4.4,0.05263157894736842,0.10526315789473684,0.05263157894736842,0.05263157894736842,0.05263157894736842,MID,603
Eric da Silva,Moreira,Nott'm Forest,39,4.3,0.05263157894736842,0.10526315789473684,0.05263157894736842,0.05263157894736842,0.05263157894736842,MID,428
Martial,Godo,Fulham,39,4.4,0.05263157894736842,0.10526315789473684,0.05263157894736842,0.05263157894736842,0.05263157894736842,MID,605
Frank,Onyeka,Brentford,39,4.9,0.05263157894736842,0.10526315789473684,0.05263157894736842,0.05263157894736842,0.05263157894736842,MID,102
Pedro Cardoso de,Lima,Wolves,39,3.9,0.05263157894736842,0.10526315789473684,0.05263157894736842,0.05263157894736842,0.05263157894736842,DEF,561
Daniel Castelo,Podence,Wolves,39,5.5,0.05263157894736842,0.10526315789473684,0.05263157894736842,0.05263157894736842,0.05263157894736842,MID,562
Tyrell,Malacia,Man Utd,39,4.4,0.05263157894736842,0.10526315789473684,0.05263157894736842,0.05263157894736842,0.05263157894736842,DEF,379
Scott,McTominay,Man Utd,39,4.9,0.05263157894736842,0.10526315789473684,0.05263157894736842,0.05263157894736842,0.05263157894736842,MID,381
Sergio,Reguilón,Spurs,39,4.1,0.05263157894736842,0.10526315789473684,0.05263157894736842,0.05263157894736842,0.05263157894736842,DEF,496
Remy,Rees-Dottin,Bournemouth,39,4.5,0.05,0.1,0.05,0.05000000000000001,0.05000000000000001,FWD,707
Jayden,Danns,Liverpool,39,4.5,0.047619047619047616,0.09523809523809523,0.047619047619047616,0.047619047619047616,0.047619047619047616,FWD,709
Divin,Mubama,Man City,39,4.5,0.043478260869565216,0.08695652173913043,0.043478260869565216,0.043478260869565216,0.043478260869565216,FWD,698
Alfie,Dorrington,Spurs,39,4.0,0.043478260869565216,0.08695652173913043,0.043478260869565216,0.043478260869565216,0.043478260869565216,DEF,699
Jahmai,Simpson-Pusey,Man City,39,4.0,0.034482758620689655,0.06896551724137931,0.034482758620689655,0.034482758620689655,0.034482758620689655,DEF,672
Nathan,Butler-Oyedeji,Arsenal,39,4.5,0.03125,0.0625,0.03125,0.03125,0.03125,FWD,665
Alfie,Pond,Wolves,39,3.9,0.030303030303030304,0.06060606060606061,0.030303030303030304,0.030303030303030304,0.030303030303030304,DEF,664
Vítezslav,Jaros,Liverpool,39,4.0,0.029411764705882353,0.058823529411764705,0.029411764705882353,0.02941176470588235,0.02941176470588235,GK,660
Jayden,Meghoma,Brentford,39,4.0,0.02857142857142857,0.05714285714285714,0.02857142857142857,0.02857142857142857,0.02857142857142857,DEF,649
Kaelan,Casey,West Ham,39,4.0,0.027777777777777776,0.05555555555555555,0.027777777777777776,0.027777777777777776,0.027777777777777776,DEF,643
Maxwel,Cornet,West Ham,39,4.7,0.027777777777777776,0.05555555555555555,0.027777777777777776,0.027777777777777776,0.027777777777777776,MID,515
Boubacar,Traoré,Wolves,39,4.8,0.02631578947368421,0.05263157894736842,0.02631578947368421,0.02631578947368421,0.02631578947368421,MID,534
Francisco Jorge Tomás,Oliveira,Wolves,39,4.5,0.02631578947368421,0.05263157894736842,0.02631578947368421,0.02631578947368421,0.02631578947368421,MID,537
Tomiyasu,Takehiro,Arsenal,39,4.8,0.02631578947368421,0.05263157894736842,0.02631578947368421,0.02631578947368421,0.02631578947368421,DEF,22
Ryan,Trevitt,Brentford,39,4.4,0.02631578947368421,0.05263157894736842,0.02631578947368421,0.02631578947368421,0.02631578947368421,MID,602
Mason,Holgate,Everton,39,4.0,0.02631578947368421,0.05263157894736842,0.02631578947368421,0.02631578947368421,0.02631578947368421,DEF,225
Jeremy Sarmiento,Morante,Brighton,39,4.9,0.02631578947368421,0.05263157894736842,0.02631578947368421,0.02631578947368421,0.02631578947368421,MID,141
Chadi Riad,Dnanou,Crystal Palace,39,4.3,0.02631578947368421,0.05263157894736842,0.02631578947368421,0.02631578947368421,0.02631578947368421,DEF,195
Jay,Stansfield,Fulham,39,5.0,0.02631578947368421,0.05263157894736842,0.02631578947368421,0.02631578947368421,0.02631578947368421,FWD,256
Tom,King,Wolves,39,3.9,0.02631578947368421,0.05263157894736842,0.02631578947368421,0.02631578947368421,0.02631578947368421,GK,556
Ronnie,Edwards,Burnley,39,3.9,0.02631578947368421,0.05263157894736842,0.02631578947368421,0.02631578947368421,0.02631578947368421,DEF,460
Brandon,Austin,Spurs,39,4.0,0.02631578947368421,0.05263157894736842,0.02631578947368421,0.02631578947368421,0.02631578947368421,GK,479
Joel,Ward,Crystal Palace,39,4.3,0.02631578947368421,0.05263157894736842,0.02631578947368421,0.02631578947368421,0.02631578947368421,DEF,215
Coby,Ebere,Everton,39,4.5,0.0,0.0,0.0,0.0,0.0,MID,775
Salah-Eddine Oulad,M'hand,Arsenal,39,4.5,0.0,0.0,0.0,0.0,0.0,MID,638
Oliwier,Zych,Aston Villa,39,4.0,0.0,0.0,0.0,0.0,0.0,GK,641
Reece,Welch,Everton,39,4.0,0.0,0.0,0.0,0.0,0.0,DEF,803
Iwan,Morgan,Brentford,39,4.5,0.0,0.0,0.0,0.0,0.0,FWD,780
Benjamin,Fredrick,Brentford,39,4.0,0.0,0.0,0.0,0.0,0.0,DEF,786
Aaron,Anselmino,Chelsea,39,4.0,0.0,0.0,0.0,0.0,0.0,DEF,774
Tommy,Setford,Arsenal,39,4.5,0.0,0.0,0.0,0.0,0.0,GK,639
Sékou,Koné,Man Utd,39,4.5,0.0,0.0,0.0,0.0,0.0,MID,779
Charlie,Tasker,Brighton,39,4.0,0.0,0.0,0.0,0.0,0.0,DEF,791
Brayden,Clarke,Arsenal,39,4.0,0.0,0.0,0.0,0.0,0.0,DEF,801
Ishé,Samuels-Smith,Chelsea,39,4.0,0.0,0.0,0.0,0.0,0.0,DEF,782
Hubert,Graczyk,Man Utd,39,4.0,0.0,0.0,0.0,0.0,0.0,GK,783
Sean,Neave,Newcastle,39,4.5,0.0,0.0,0.0,0.0,0.0,FWD,789
Dermot,Mee,Man Utd,39,4.0,0.0,0.0,0.0,0.0,0.0,GK,788
Freddie,Simmonds,Brighton,39,4.0,0.0,0.0,0.0,0.0,0.0,DEF,794
Genesis,Antwi,Chelsea,39,4.0,0.0,0.0,0.0,0.0,0.0,DEF,787
Jimi,Gower,Arsenal,39,4.5,0.0,0.0,0.0,0.0,0.0,MID,790
Jack,Henry-Francis,Arsenal,39,4.5,0.0,0.0,0.0,0.0,0.0,MID,793
Sil,Swinkels,Aston Villa,39,4.0,0.0,0.0,0.0,0.0,0.0,DEF,640
Isaac,Heath,Everton,39,4.5,0.0,0.0,0.0,0.0,0.0,MID,773
Jack,Moorhouse,Man Utd,39,4.5,0.0,0.0,0.0,0.0,0.0,MID,778
Ben,Broggio,Aston Villa,39,4.5,0.0,0.0,0.0,0.0,0.0,MID,679
Franco,Umeh-Chibueze,Crystal Palace,39,4.4,0.0,0.0,0.0,0.0,0.0,MID,644
Ezra,Mayers,West Ham,39,4.0,0.0,0.0,0.0,0.0,0.0,DEF,686
Archie,Harris,Bournemouth,39,4.0,0.0,0.0,0.0,0.0,0.0,DEF,702
Maeson,King,Spurs,39,4.0,0.0,0.0,0.0,0.0,0.0,DEF,700
Jack,Fletcher,Man Utd,39,4.5,0.0,0.0,0.0,0.0,0.0,MID,667
Killian,Cahill,Brighton,39,3.9,0.0,0.0,0.0,0.0,0.0,GK,668
Harvey,Davies,Liverpool,39,4.0,0.0,0.0,0.0,0.0,0.0,GK,669
Samuel,Rak-Sakyi,Chelsea,39,4.5,0.0,0.0,0.0,0.0,0.0,MID,695
Amara,Nallo,Liverpool,39,4.0,0.0,0.0,0.0,0.0,0.0,DEF,692
Godwill,Kukonki,Man Utd,39,4.0,0.0,0.0,0.0,0.0,0.0,DEF,691
Samuel,Amissah,Fulham,39,4.0,0.0,0.0,0.0,0.0,0.0,DEF,690
Luca,Williams-Barnett,Spurs,39,4.5,0.0,0.0,0.0,0.0,0.0,MID,689
Treymaurice,Nyoni,Liverpool,39,4.5,0.0,0.0,0.0,0.0,0.0,MID,688
Jacob,Slater,Brighton,39,4.0,0.0,0.0,0.0,0.0,0.0,DEF,685
Elyh,Harrison,Man Utd,39,4.0,0.0,0.0,0.0,0.0,0.0,GK,761
Malachi,Hardy,Spurs,39,4.0,0.0,0.0,0.0,0.0,0.0,DEF,684
Callum,Olusesi,Spurs,39,4.5,0.0,0.0,0.0,0.0,0.0,MID,683
Jacob,Wright,Man City,39,4.5,0.0,0.0,0.0,0.0,0.0,MID,671
Jayce,Fitzgerald,Man Utd,39,4.5,0.0,0.0,0.0,0.0,0.0,MID,673
Tom,Edozie,Wolves,39,4.5,0.0,0.0,0.0,0.0,0.0,MID,682
Josh,Wilson-Esbrand,Man City,39,4.0,0.0,0.0,0.0,0.0,0.0,DEF,675
Zach,Marsh,Crystal Palace,39,4.5,0.0,0.0,0.0,0.0,0.0,FWD,676
Ruairi,McConville,Brighton,39,4.0,0.0,0.0,0.0,0.0,0.0,DEF,681
Max,Kinsey,Bournemouth,39,4.0,0.0,0.0,0.0,0.0,0.0,DEF,680
Callum,Bates,Everton,39,4.5,0.0,0.0,0.0,0.0,0.0,MID,678
Imari,Samuels,Brighton,39,4.0,0.0,0.0,0.0,0.0,0.0,DEF,663
Max,Alleyne,Man City,39,4.0,0.0,0.0,0.0,0.0,0.0,DEF,703
Spike,Brits,Man City,39,4.0,0.0,0.0,0.0,0.0,0.0,GK,704
Benjamin,Arthur,Brentford,39,4.0,0.0,0.0,0.0,0.0,0.0,DEF,705
Dante,Cassanova,Spurs,39,4.0,0.0,0.0,0.0,0.0,0.0,DEF,760
Julian,Eyestone,Brentford,39,4.0,0.0,0.0,0.0,0.0,0.0,GK,759
Joe,Knight,Brighton,39,4.5,0.0,0.0,0.0,0.0,0.0,MID,758
Jack,Porter,Arsenal,39,4.0,0.0,0.0,0.0,0.0,0.0,GK,756
Kaden,Rodney,Crystal Palace,39,4.5,0.0,0.0,0.0,0.0,0.0,MID,647
Ethan,Wheatley,Man Utd,39,4.5,0.0,0.0,0.0,0.0,0.0,FWD,648
Damola,Ajayi,Spurs,39,4.5,0.0,0.0,0.0,0.0,0.0,MID,729
Callan,McKenna,Bournemouth,39,4.0,0.0,0.0,0.0,0.0,0.0,GK,727
Dominic,Sadi,Bournemouth,39,4.5,0.0,0.0,0.0,0.0,0.0,MID,723
Daniel,Adu-Adjei,Bournemouth,39,4.5,0.0,0.0,0.0,0.0,0.0,FWD,722
Kadan,Young,Aston Villa,39,4.4,0.0,0.0,0.0,0.0,0.0,MID,656
Wayne,Hennessey,Nott'm Forest,39,4.0,0.0,0.0,0.0,0.0,0.0,GK,721
Maldini,Kacurri,Arsenal,39,4.0,0.0,0.0,0.0,0.0,0.0,DEF,657
Min-Hyeok,Yang,Spurs,39,4.5,0.0,0.0,0.0,0.0,0.0,MID,717
Matai,Akinmboni,Bournemouth,39,4.0,0.0,0.0,0.0,0.0,0.0,DEF,712
Ismeal,Kabia,Arsenal,39,4.5,0.0,0.0,0.0,0.0,0.0,MID,659
Wes,Okoduwa,Wolves,39,4.0,0.0,0.0,0.0,0.0,0.0,DEF,711
Jamaldeen,Jimoh,Aston Villa,39,4.5,0.0,0.0,0.0,0.0,0.0,MID,710
Bastien,Meupiyou,Wolves,39,3.9,0.0,0.0,0.0,0.0,0.0,DEF,637
Tony,Yogane,Brentford,39,4.5,0.0,0.0,0.0,0.0,0.0,MID,661
Zach,Abbott,Nott'm Forest,39,4.0,0.0,0.0,0.0,0.0,0.0,DEF,706
Josh,Nichols,Arsenal,39,4.0,0.0,0.0,0.0,0.0,0.0,DEF,662
Martin,Sherif,Everton,39,4.5,0.0,0.0,0.0,0.0,0.0,FWD,724
Fábio Ferreira,Vieira,Arsenal,39,5.4,0.0,0.0,0.0,0.0,0.0,MID,1
Roman,Dixon,Everton,39,3.9,0.0,0.0,0.0,0.0,0.0,DEF,627
Malang,Sarr,Chelsea,39,4.5,0.0,0.0,0.0,0.0,0.0,DEF,176
Omari,Kellyman,Chelsea,39,4.3,0.0,0.0,0.0,0.0,0.0,MID,173
Alfie,Gilchrist,Chelsea,39,4.0,0.0,0.0,0.0,0.0,0.0,DEF,170
Conor,Gallagher,Chelsea,39,5.9,0.0,0.0,0.0,0.0,0.0,MID,169
Deivid Washington de Souza,Eugênio,Chelsea,39,4.9,0.0,0.0,0.0,0.0,0.0,FWD,165
David Datro,Fofana,Chelsea,39,5.4,0.0,0.0,0.0,0.0,0.0,FWD,164
Carney,Chukwuemeka,Chelsea,39,4.7,0.0,0.0,0.0,0.0,0.0,MID,161
Cesare,Casadei,Chelsea,39,4.4,0.0,0.0,0.0,0.0,0.0,MID,158
Marcus,Bettinelli,Man City,39,3.9,0.0,0.0,0.0,0.0,0.0,GK,155
Lucas,Bergström,Chelsea,39,3.9,0.0,0.0,0.0,0.0,0.0,GK,154
Ângelo Gabriel Borges,Damaceno,Chelsea,39,4.5,0.0,0.0,0.0,0.0,0.0,MID,151
Andrey Nascimento dos,Santos,Chelsea,39,4.5,0.0,0.0,0.0,0.0,0.0,MID,150
Deniz,Undav,Brighton,39,5.5,0.0,0.0,0.0,0.0,0.0,FWD,143
Romelu Lukaku,Bolingoli,Chelsea,39,6.3,0.0,0.0,0.0,0.0,0.0,FWD,175
Đorđe,Petrović,Bournemouth,39,4.4,0.0,0.0,0.0,0.0,0.0,GK,183
Odeluga,Offiah,Brighton,39,4.0,0.0,0.0,0.0,0.0,0.0,DEF,139
Steven,Benda,Fulham,39,3.9,0.0,0.0,0.0,0.0,0.0,GK,242
Neal,Maupay,Everton,39,4.9,0.0,0.0,0.0,0.0,0.0,FWD,229
João Neves,Virgínia,Everton,39,3.8,0.0,0.0,0.0,0.0,0.0,GK,227
Jesurun,Rak-Sakyi,Crystal Palace,39,4.5,0.0,0.0,0.0,0.0,0.0,MID,213
David,Ozoh,Crystal Palace,39,4.5,0.0,0.0,0.0,0.0,0.0,MID,212
Remi,Matthews,Crystal Palace,39,3.9,0.0,0.0,0.0,0.0,0.0,GK,209
Rob,Holding,Crystal Palace,39,4.2,0.0,0.0,0.0,0.0,0.0,DEF,202
Malcolm,Ebiowei,Crystal Palace,39,4.5,0.0,0.0,0.0,0.0,0.0,MID,197
Jordan,Ayew,Crystal Palace,39,5.5,0.0,0.0,0.0,0.0,0.0,MID,192
Naouirou,Ahamada,Crystal Palace,39,4.5,0.0,0.0,0.0,0.0,0.0,MID,190
Lesley,Ugochukwu,Chelsea,39,4.5,0.0,0.0,0.0,0.0,0.0,MID,188
Cameron,Peupion,Brighton,39,4.4,0.0,0.0,0.0,0.0,0.0,MID,140
Mark,O’Mahony,Brighton,39,4.5,0.0,0.0,0.0,0.0,0.0,FWD,138
Issa,Kaboré,Man City,39,4.5,0.0,0.0,0.0,0.0,0.0,DEF,626
Romain,Faivre,Bournemouth,39,5.0,0.0,0.0,0.0,0.0,0.0,MID,66
Lino da Cruz,Sousa,Aston Villa,39,4.0,0.0,0.0,0.0,0.0,0.0,DEF,56
Viljami,Sinisalo,Aston Villa,39,4.0,0.0,0.0,0.0,0.0,0.0,GK,55
Filip,Marschall,Aston Villa,39,4.0,0.0,0.0,0.0,0.0,0.0,GK,46
Kaine,Kesler-Hayden,Aston Villa,39,4.0,0.0,0.0,0.0,0.0,0.0,DEF,43
Samuel,Iling-Junior,Aston Villa,39,5.4,0.0,0.0,0.0,0.0,0.0,MID,41
Kortney,Hause,Aston Villa,39,3.9,0.0,0.0,0.0,0.0,0.0,DEF,40
Joe,Gauci,Aston Villa,39,4.0,0.0,0.0,0.0,0.0,0.0,GK,39
Lewis,Dobbin,Aston Villa,39,5.0,0.0,0.0,0.0,0.0,0.0,MID,37
Moussa,Diaby,Aston Villa,39,6.5,0.0,0.0,0.0,0.0,0.0,MID,34
Leander,Dendoncker,Aston Villa,39,4.5,0.0,0.0,0.0,0.0,0.0,MID,33
Enzo,Barrenechea,Aston Villa,39,4.9,0.0,0.0,0.0,0.0,0.0,MID,30
Karl,Hein,Arsenal,39,4.0,0.0,0.0,0.0,0.0,0.0,GK,5
Jaidon,Anthony,Burnley,39,4.5,0.0,0.0,0.0,0.0,0.0,MID,61
Hamed,Traorè,Bournemouth,39,4.5,0.0,0.0,0.0,0.0,0.0,MID,67
Adrian,Mazilu,Brighton,39,4.5,0.0,0.0,0.0,0.0,0.0,MID,133
Chris,Mepham,Bournemouth,39,4.4,0.0,0.0,0.0,0.0,0.0,DEF,72
Kacper,Kozłowski,Brighton,39,4.5,0.0,0.0,0.0,0.0,0.0,MID,130
Ibrahim,Osman,Brighton,39,5.0,0.0,0.0,0.0,0.0,0.0,MID,127
Pascal,Groß,Brighton,39,6.5,0.0,0.0,0.0,0.0,0.0,MID,125
Mahmoud,Dahoud,Brighton,39,4.9,0.0,0.0,0.0,0.0,0.0,MID,119
Amario,Cozier-Duberry,Brighton,39,4.5,0.0,0.0,0.0,0.0,0.0,MID,118
Valentín,Barco,Brighton,39,4.0,0.0,0.0,0.0,0.0,0.0,DEF,116
Benicio,Baker-Boaitey,Brighton,39,4.5,0.0,0.0,0.0,0.0,0.0,MID,114
Mathias,Jorgensen,Brentford,39,4.5,0.0,0.0,0.0,0.0,0.0,DEF,112
Ivan,Toney,Brentford,39,7.3,0.0,0.0,0.0,0.0,0.0,FWD,108
Myles,Peart-Harris,Brentford,39,4.5,0.0,0.0,0.0,0.0,0.0,MID,103
Aaron,Hickey,Brentford,39,4.3,0.0,0.0,0.0,0.0,0.0,DEF,93
Josh,Dasilva,Brentford,39,4.8,0.0,0.0,0.0,0.0,0.0,MID,90
Ethan,Brierley,Brentford,39,4.4,0.0,0.0,0.0,0.0,0.0,MID,87
Alex,Paulsen,Bournemouth,39,4.0,0.0,0.0,0.0,0.0,0.0,GK,75
Luke,Harris,Fulham,39,4.5,0.0,0.0,0.0,0.0,0.0,MID,246
Kevin,Mbabu,Fulham,39,4.0,0.0,0.0,0.0,0.0,0.0,DEF,250
Tim,Ream,Fulham,39,4.5,0.0,0.0,0.0,0.0,0.0,DEF,253
Kurt,Zouma,West Ham,39,4.4,0.0,0.0,0.0,0.0,0.0,DEF,532
Wes,Foderingham,West Ham,39,4.2,0.0,0.0,0.0,0.0,0.0,GK,522
George,Earthy,West Ham,39,4.5,0.0,0.0,0.0,0.0,0.0,MID,519
Alfie,Whiteman,Spurs,39,3.9,0.0,0.0,0.0,0.0,0.0,GK,510
Alejo,Véliz,Spurs,39,5.0,0.0,0.0,0.0,0.0,0.0,FWD,507
Manor,Solomon,Spurs,39,5.4,0.0,0.0,0.0,0.0,0.0,MID,502
Oliver,Skipp,Spurs,39,5.0,0.0,0.0,0.0,0.0,0.0,MID,501
Giovani Lo,Celso,Spurs,39,4.9,0.0,0.0,0.0,0.0,0.0,MID,493
Pierre-Emile,Højbjerg,Spurs,39,5.0,0.0,0.0,0.0,0.0,0.0,MID,490
Emerson Leite de Souza,Junior,Spurs,39,4.5,0.0,0.0,0.0,0.0,0.0,DEF,487
Alfie,Devine,Spurs,39,4.5,0.0,0.0,0.0,0.0,0.0,MID,485
Bryan Gil,Salvatierra,Spurs,39,5.0,0.0,0.0,0.0,0.0,0.0,MID,483
Ashley,Phillips,Spurs,39,4.0,0.0,0.0,0.0,0.0,0.0,DEF,478
Joe,Worrall,Burnley,39,4.5,0.0,0.0,0.0,0.0,0.0,DEF,448
Hwang,Ui-jo,Nott'm Forest,39,4.5,0.0,0.0,0.0,0.0,0.0,FWD,446
Nayef,Aguerd,West Ham,39,4.4,0.0,0.0,0.0,0.0,0.0,DEF,529
Tawanda,Chirewa,Wolves,39,4.5,0.0,0.0,0.0,0.0,0.0,MID,538
Cameron,Humphreys,Burnley,39,4.5,0.0,0.0,0.0,0.0,0.0,MID,273
Leon,Chiwome,Wolves,39,4.4,0.0,0.0,0.0,0.0,0.0,FWD,539
Asmir,Begovic,Everton,39,4.0,0.0,0.0,0.0,0.0,0.0,GK,624
Carl,Rushworth,Brighton,39,3.9,0.0,0.0,0.0,0.0,0.0,GK,615
Jenson,Metcalfe,Everton,39,4.5,0.0,0.0,0.0,0.0,0.0,MID,614
Andrew,Moran,Brighton,39,5.0,0.0,0.0,0.0,0.0,0.0,MID,601
Will,Dennis,Bournemouth,39,3.9,0.0,0.0,0.0,0.0,0.0,GK,599
Caleb,Wiley,Chelsea,39,4.0,0.0,0.0,0.0,0.0,0.0,DEF,575
Miodrag,Pivaš,Newcastle,39,4.0,0.0,0.0,0.0,0.0,0.0,DEF,574
Saša,Kalajdžić,Wolves,39,4.8,0.0,0.0,0.0,0.0,0.0,FWD,555
Ki-Jana,Hoever,Wolves,39,4.0,0.0,0.0,0.0,0.0,0.0,DEF,552
Joe,Hodge,Wolves,39,4.5,0.0,0.0,0.0,0.0,0.0,MID,551
Hugo Bueno,López,Wolves,39,4.5,0.0,0.0,0.0,0.0,0.0,DEF,549
Enso,González,Wolves,39,4.4,0.0,0.0,0.0,0.0,0.0,MID,547
Nathan,Fraser,Wolves,39,4.5,0.0,0.0,0.0,0.0,0.0,FWD,546
Fábio,Silva,Wolves,39,5.0,0.0,0.0,0.0,0.0,0.0,FWD,545
Luke,Cundle,Wolves,39,4.5,0.0,0.0,0.0,0.0,0.0,MID,540
Matt,Turner,Nott'm Forest,39,4.0,0.0,0.0,0.0,0.0,0.0,GK,445
Jonathan,Panzo,Nott'm Forest,39,4.0,0.0,0.0,0.0,0.0,0.0,DEF,441
Andrew,Omobamidele,Nott'm Forest,39,4.2,0.0,0.0,0.0,0.0,0.0,DEF,440
Facundo Pellistri,Rebollo,Man Utd,39,5.0,0.0,0.0,0.0,0.0,0.0,MID,384
Tom,Heaton,Man Utd,39,3.9,0.0,0.0,0.0,0.0,0.0,GK,374
Hannibal,Mejbri,Burnley,39,4.5,0.0,0.0,0.0,0.0,0.0,MID,373
João Cavaco,Cancelo,Man City,39,5.3,0.0,0.0,0.0,0.0,0.0,DEF,353
Julián,Álvarez,Man City,39,7.0,0.0,0.0,0.0,0.0,0.0,FWD,352
Scott,Carson,Man City,39,3.9,0.0,0.0,0.0,0.0,0.0,GK,344
Rhys,Williams,Liverpool,39,4.0,0.0,0.0,0.0,0.0,0.0,DEF,334
Nathaniel,Phillips,Liverpool,39,4.0,0.0,0.0,0.0,0.0,0.0,DEF,332
Tyler,Morton,Liverpool,39,4.4,0.0,0.0,0.0,0.0,0.0,MID,331
James,McConnell,Liverpool,39,4.3,0.0,0.0,0.0,0.0,0.0,MID,330
Ben,Doak,Liverpool,39,4.5,0.0,0.0,0.0,0.0,0.0,MID,318
Bobby,Clark,Liverpool,39,4.5,0.0,0.0,0.0,0.0,0.0,MID,315
Stefan Bajčetić,Maquieira,Liverpool,39,4.5,0.0,0.0,0.0,0.0,0.0,MID,312
Joe,White,Newcastle,39,4.5,0.0,0.0,0.0,0.0,0.0,MID,419
Lewis,O'Brien,Nott'm Forest,39,5.0,0.0,0.0,0.0,0.0,0.0,MID,439
Omar,Richards,Nott'm Forest,39,4.5,0.0,0.0,0.0,0.0,0.0,DEF,438
Alex,Mighten,Nott'm Forest,39,4.5,0.0,0.0,0.0,0.0,0.0,MID,435
Emmanuel,Dennis,Nott'm Forest,39,4.9,0.0,0.0,0.0,0.0,0.0,FWD,430
Carlos Miguel dos Santos,Pereira,Nott'm Forest,39,4.1,0.0,0.0,0.0,0.0,0.0,GK,427
Josh,Bowler,Nott'm Forest,39,4.5,0.0,0.0,0.0,0.0,0.0,MID,426
John,Ruddy,Newcastle,39,3.9,0.0,0.0,0.0,0.0,0.0,GK,414
Alex,Murphy,Newcastle,39,4.0,0.0,0.0,0.0,0.0,0.0,DEF,390
Odysseas,Vlachodimos,Newcastle,39,4.2,0.0,0.0,0.0,0.0,0.0,GK,412
Jamal,Lewis,Newcastle,39,4.0,0.0,0.0,0.0,0.0,0.0,DEF,408
Jamaal,Lascelles,Newcastle,39,4.5,0.0,0.0,0.0,0.0,0.0,DEF,407
Garang,Kuol,Newcastle,39,4.4,0.0,0.0,0.0,0.0,0.0,MID,406
Isaac,Hayden,Newcastle,39,4.4,0.0,0.0,0.0,0.0,0.0,MID,400
Ryan,Fraser,Newcastle,39,5.0,0.0,0.0,0.0,0.0,0.0,MID,397
Jayden,Moore,Sunderland,39,4.0,0.0,0.0,0.0,0.0,0.0,DEF,804
